New wave of british heavy,Heavy,,,
Extreme progressive,Progressive rock,Progressive,,
Heavy,Bay area thrash,,,
Thrash,Heavy,Hard rock,,
Melodic death,,,,
Thrash,,,,
Progressive death,Death,Progressive thrash,,
Progressive,,,,
Doom,Heavy,Hard rock,,
Symphonic power,Gothic,Symphonic,,
Extreme power,,,,
Heavy,Hard rock,,,
Power,Speed,,,
Gothenburg,Alternative,,,
Heavy,Groove thrash,Groove metal,,
Gothenburg,,,,
Atmospheric black,Neofolk,,,
Extreme folk,,,,
Gothenburg,,,,
Blackened doom,Death doom,Alternative rock,Gothic doom,
Death,Black,Blackened death,,
Symphonic black,Black,,,
Teutonic thrash,,,,
Extreme power,,,,
Melodic death,,,,
Death,Melodic death,Folk,Progressive,
Symphonic power,,,,
Progressive,Alternative,,,
Speed,Power,,,
Bay area thrash,,,,
Symphonic,,,,
Death,Black,,,
Groove thrash,,,,
Heavy,Us power,,,
Death doom,Atmospheric rock,Doom,,
Progressive,Symphonic power,,,
Celtic folk,Gothenburg,,,
Progressive death,,,,
Industrial,,,,
Power,,,,
Progressive stoner,Progressive sludge,,,
Brutal death,Technical death,,,
Alternative,Death,Groove thrash,Thrash,
Folk,Gothic black,Gothic,Symphonic black,Black
Death,Symphonic,,,
Death,,,,
Viking black,Progressive black,,,
Black,Symphonic black,,,
Progressive rock,Progressive,,,
Extreme gothic,Symphonic black,Death,Symphonic,
New wave of british heavy,Heavy,,,
Extreme progressive,Progressive rock,Progressive,,
Heavy,Bay area thrash,,,
Thrash,Heavy,Hard rock,,
Melodic death,,,,
Thrash,,,,
Progressive death,Death,Progressive thrash,,
Progressive,,,,
Doom,Heavy,Hard rock,,
Symphonic power,Gothic,Symphonic,,
Extreme power,,,,
Heavy,Hard rock,,,
Power,Speed,,,
Gothenburg,Alternative,,,
Heavy,Groove thrash,Groove metal,,
Gothenburg,,,,
Atmospheric black,Neofolk,,,
Extreme folk,,,,
Gothenburg,,,,
Blackened doom,Death doom,Alternative rock,Gothic doom,
Death,Black,Blackened death,,
Symphonic black,Black,,,
Teutonic thrash,,,,
Extreme power,,,,
Melodic death,,,,
Death,Melodic death,Folk,Progressive,
Symphonic power,,,,
Progressive,Alternative,,,
Speed,Power,,,
Bay area thrash,,,,
Symphonic,,,,
Death,Black,,,
Groove thrash,,,,
Heavy,Us power,,,
Death doom,Atmospheric rock,Doom,,
Progressive,Symphonic power,,,
Celtic folk,Gothenburg,,,
Progressive death,,,,
Industrial,,,,
Power,,,,
Progressive stoner,Progressive sludge,,,
Brutal death,Technical death,,,
Alternative,Death,Groove thrash,Thrash,
Folk,Gothic black,Gothic,Symphonic black,Black
Death,Symphonic,,,
Death,,,,
Viking black,Progressive black,,,
Black,Symphonic black,,,
Progressive rock,Progressive,,,
Extreme gothic,Symphonic black,Death,Symphonic,
Melodic death,,,,
Death doom,Gothic doom,,,
Progressive hard rock,Heavy,Blues rock,,
Heavy,Progressive,Thrash,,
Power,Heavy,,,
Gothic,Electro gothic,Death doom,,
Heavy,,,,
Extreme power,Melodic death,,,
Grindcore,Melodic death,,,
Black,Dark,Ambient,Ambient,
Thrash,Heavy,,,
Death,,,,
Technical thrash,Math,Progressive,,
Extreme folk,,,,
Atmospheric death,Symphonic death,,,
Viking folk,,,,
Groove thrash,Progressive thrash,,,
Alternative,,,,
Symphonic,Gothic,,,
Viking black,First wave of black,,,
Bay area thrash,,,,
Gothic doom,,,,
Alternative,Nu,,,
Hard rock,Blues rock,,,
Progressive,,,,
Melodic death,Melodic doom,,,
Power,,,,
Symphonic power,,,,
Death,Melodic death,Gothenburg,,
Heavy,,,,
Death,,,,
Folk,,,,
Heavy,Us power,,,
Power,,,,
Melodic death,Gothenburg,,,
Power,,,,
Death,Black,,,
Death,,,,
Symphonic power,,,,
Black,Gothic,,,
Atmospheric black,,,,
Teutonic thrash,,,,
Thrash,,,,
Melodic death,Melodic black,,,
Black,,,,
Progressive rock,,,,
Death,Black,Crust punk,Heavy,
Heavy,,,,
Industrial progressive,Progressive,,,
Black,Shoegaze,,,
Viking folk,,,,
Heavy,Hard rock,,,
Power,,,,
Gothenburg,,,,
Progressive,,,,
Metalcore,Alternative thrash,,,
Folk,,,,
Progressive folk,Death,Folk,,
Symphonic heavy,,,,
Heavy,,,,
Progressive power,,,,
Death,,,,
Grunge,Heavy,,,
Experimental death,Symphonic,,,
Nu,Alternative,,,
Power,,,,
Gothic,Alternative,,,
Heavy,,,,
Avantgarde black,Avantgarde,,,
Melodic death,,,,
Death,,,,
Progressive,Progressive rock,,,
Technical death,,,,
Industrial,Death,,,
Symphonic gothic,Gothic,,,
Technical death,,,,
Symphonic death,,,,
Black,Celtic folk,,,
Epic doom,,,,
Melodic death,Progressive power,,,
Extreme power,Melodic death,,,
Black,,,,
Thrash,Heavy,,,
Folk,Power,,,
Heavy,Psychedelic rock,,,
Folk,Electronic,Avantgarde,Black,
Progressive death,Progressive,,,
Extreme progressive,,,,
Gothic,Melodic death,Progressive,,
Progressive death,Technical death,,,
Nu,Alternative,,,
Progressive,Power,,,
Folk,,,,
Gothic,Doom,,,
Heavy,First wave of black,,,
Death,Gothic doom,,,
Death,Grindcore,,,
Progressive rock,Hard rock,Heavy,,
Hardcore,Grindcore,Punk,,
Viking black,,,,
Death,Suomi,Depressive heavy,Melodic death,
Death,Atmospheric gothic,,,
Melodic metalcore,,,,
Black,,,,
First wave of black,Avantgarde,Thrash,,
Hard rock,Heavy,,,
Brutal death,,,,
Death,,,,
Brutal death,Deathgrind,Technical death,,
Extreme power,,,,
Symphonic gothic,,,,
Progressive heavy,,,,
Doom,Folk,Neofolk,,
Hard rock,,,,
First wave of black,Heavy,,,
Black,,,,
Metalcore,Heavy,Alternative,,
Teutonic thrash,,,,
Progressive death,,,,
Symphonic gothic,Symphonic progressive,,,
Extreme progressive,Avantgarde,,,
Avantgarde,Symphonic,,,
Pagan folk,,,,
Progressive,,,,
Progressive metalcore,,,,
Bay area thrash,,,,
Heavy,,,,
Melodic metalcore,,,,
Heavy,,,,
Melodic black,Progressive black,,,
Post-metal,Atmospheric sludge,,,
Groove thrash,Nu,,,
Technical death,,,,
Nu,Melodic death,Groove thrash,,
Depressive black,Progressive black,,,
Industrial,Thrash,,,
Doom,Death doom,Atmospheric gothic,Experimental rock,
Black,Grindcore,,,
Post-metal,Alternative,,,
Symphonic,,,,
Black,,,,
New wave of british heavy,Heavy,,,
Technical thrash,Progressive thrash,,,
Death,,,,
Power,Heavy,,,
Gothenburg,,,,
Black,Electro industrial,,,
Melodic metalcore,,,,
Death,Death 'n' roll,,,
Progressive rock,,,,
Gothic,Symphonic,,,
Atmospheric black,Pagan black,,,
Progressive,Instrumental,Djent,,
Heavy,Progressive heavy,Progressive rock,,
Power,,,,
Black,Death,,,
Hard rock,Glam rock,New wave,,Heavy
Gothic,Melodic death,,,
Deathcore,Progressive death,Technical death,,
Nu,Alternative,,,
Power,,,,
Gothic,Gothic industrial,,,
Hard rock,Symphonic rock,Glam,Heavy,
Heavy,Sludge,Stoner,,
Blackened thrash,,,,
Alternative,Nu,,,
Atmospheric black,,,,
Groove metal,,,,
Doom,Stoner,,,
Industrial rock,Industrial,,,
Death doom,Melodic death,,,
Melodic death,,,,
Alternative,,,,
Brutal death,Technical death,Death,,
Black,Viking folk,Folk,,
Gothic,Symphonic black,,,
Black,,,,
Heavy,,,,
Alternative,Industrial,,,
Melodic death,Metalcore,,,
Heavy,Speed,,,
Atmospheric sludge,Post-hardcore,Post-metal,,
Symphonic black,,,,
Symphonic power,,,,
Sludge,Stoner rock,Progressive rock,,
Progressive rock,,,,
Funeral doom,,,,
Heavy,,,,
Heavy,Power,,,
Black,Avantgarde,,,
Gothic,Symphonic,,,
Technical thrash,,,,
Progressive power,,,,
Symphonic,,,,
Funeral doom,,,,
Melodic black,Folk,,,
Heavy,,,,
Post-metal,Sludge,,,
Melodic death,Folk,,,
Neoclassical power,,,,
Stoner,Stoner rock,,,
Melodic metalcore,,,,
Industrial rock,Alternative,Industrial,Glam rock,Alternative rock
Atmospheric black,Post-rock,,,
Melodic black,Doom,Gothic doom,,
Atmospheric black,Industrial,,,
Alternative,Hard rock,,,
Progressive,,,,
Suomi,,,,
Thrash,,,,
Thrash,,,,
Death doom,Extreme progressive,,,
Thrash,,,,
Death,,,,
Atmospheric symphonic,,,,
Thrash,Death,Symphonic black,,
Groove thrash,,,,
Melodic death,Progressive,,,
Metalcore,Melodic death,,,
Progressive,Oriental folk,,,
Power,,,,
Death,Gothic,Progressive,,
Stoner,Sludge,,,
Heavy,Thrash,,,
Melodic death,Progressive thrash,,,
Hard rock,,,,
Folk,Power,,,
Blackened thrash,Death,,,
Heavy,Hard rock,,,
Alternative thrash,Thrash,Melodic death,,
Black,,,,
Hard rock,Heavy,,,
Folk,Power,,,
Gothic industrial,,,,
Melodic death,,,,
Metalcore,Progressive metalcore,,,
Death,Technical death,Avantgarde,,
Progressive,,,,
Brutal death,Melodic death,Grindcore,,
Crossover thrash,,,,
Gothic,Doom,,,
Death,,,,
Hard rock,Rock,Instrumental,,
Melodic death,Progressive,,,
Heavy,Power,,,
Brutal death,,,,
Black,Folk,,,
Doom,Neofolk,,,
Power,Industrial,,,
Hard rock,,,,
Technical death,,,,
Melodic death,Thrash,Gothenburg,Heavy,
Death,Progressive death,Technical death,,
Metalcore,Melodic death,,,
Thrash,,,,
Nu,Alternative,,,
Technical death,,,,
Post-metal,Sludge,Hardcore,,
Black,Progressive,Folk,,
Thrash,Progressive,,,
Us power,Progressive,,,
Heavy,Hard rock,,,
Extreme avantgarde,,,,
Death,,,,
Blackened hardcore,Punk,,,
Black,,,,
Glam rock,Glam,,,
Thrash,,,,
Symphonic power,,,,
Deathgrind,Goregrind,,,
Technical death,Thrash,,,
Progressive,Power,,,
Thrash,,,,
Symphonic black,,,,
Melodic death,Technical death,,,
Death,,,,
Black,,,,
Gothic,Doom,,,
Melodic death,Doom,,,
Power,,,,
Progressive math,Djent,,,
Black,Melodic black,Progressive black,,
Blackened thrash,Crossover thrash,,,
Death,Thrash,,,
Heavy,Power,,,
Technical death,Melodic death,,,
Technical death,Progressive death,,,
Melodic black,Melodic death,Heavy,,
New wave of british heavy,Hard rock,,,
Hardcore,Metalcore,,,
Power,,,,
Folk,,,,
Grunge,Stoner,,,
Progressive math,,,,
Death,Black,Avantgarde,Thrash,
Atmospheric rock,,,,
Hard rock,Stoner rock,,,
Death,Gothic,,,
Technical death,,,,
Black,Shoegaze,,,
Death doom,,,,
Progressive math,Djent,,,
Progressive,,,,
Hard rock,Alternative,,,
Symphonic doom,,,,
Death,,,,
Psychedelic doom,Funeral doom,,,
Brutal death,,,,
Doom,Gothic,,,
Post-metal,Post-rock,,,
Industrial gothic,,,,
Symphonic power,,,,
Power,,,,
Death,,,,
Progressive,,,,
Deathcore,Death,,,
Heavy,,,,
Viking black,,,,
Industrial,Synth pop,,,
Stoner,Stoner rock,,,
Melodic doom,,,,
Progressive,,,,
Death,,,,
Melodic black,,,,
Brutal death,Blackened death,Grindcore,,
Hard rock,Glam,,,
Hard rock,Rock,,,
Funeral doom,,,,
Pagan folk,,,,
Symphonic power,,,,
Modern thrash,Melodic death,,,
Progressive rock,,,,
Hard rock,Glam,,,
Crossover thrash,Hardcore,Punk,,
Deathcore,,,,
Progressive,Instrumental,,,
Black,Viking folk,,,
Power,Acappella,,,
Thrash,,,,
Atmospheric black,,,,
Deathcore,,,,
Doom,Stoner,,,
Atmospheric black,Folk,,,
Power,,,,
Progressive,Symphonic power,,,
Black,Death,Progressive death,,
Heavy,Power,,,
Symphonic,Progressive,Power,,
Black,Thrash,,,
Melodic black,Extreme power,Folk,,
Bay area thrash,,,,
Metalcore,,,,
Technical death,,,,
Suomi,Depressive heavy,,,
Math,Metalcore,,,
Atmospheric black,Post-metal,Shoegaze,,
Melodic death,Doom,,,
Folk,Doom,Black,,
Melodic death,Progressive,,,
Avantgarde black,,,,
Gothic doom,,,,
Sludge,,,,
Power,,,,
Doom,Stoner,,,
Bay area thrash,,,,
Brutal death,Technical death,,,
Progressive,Alternative,,,
Folk,,,,
Death,Funeral doom,,,
Deathgrind,,,,
Technical metalcore,,,,
Gothenburg,,,,
Death,Progressive death,,,
Heavy,,,,
Death,Blackened thrash,,,
Symphonic black,Industrial,,,
Suomi,Death,,,
Deathcore,,,,
Death,,,,
Progressive deathcore,,,,
Stoner,,,,
Metalcore,,,,
Death doom,Atmospheric doom,,,
Blackened thrash,Blackened death,,,
Melodic death,,,,
Symphonic progressive,,,,
Noise rock,Alternative thrash,Industrial,,
Thrash,,,,
Hard rock,Heavy,,,
Technical death,,,,
Folk,Power,,,
Melodic death,Doom,,,
Doom,Gothic,,,
Power,,,,
Bay area thrash,,,,
Instrumental Post-metal,,,,
Doom,Sludge,,,
Symphonic power,,,,
Metalcore,Hardcore,Post-hardcore,Punk,
Symphonic power,,,,
Progressive,,,,
Doom,,,,
Melodic death,,,,
Ambient black,,,,
Thrash,Death,,,
Progressive,Instrumental,,,
Power,,,,
Symphonic gothic,,,,
Gothic,,,,
Progressive death,Technical deathcore,,,
Atmospheric death,Extreme progressive,,,
Viking folk,,,,
Alternative,Experimental rock,,,
Drone doom,Dark,Ambient,,
Hard rock,,,,
Brutal death,Technical death,,,
Doom,Heavy,,,
Hard rock,,,,
Thrash,,,,
Progressive,Instrumental,,,
Symphonic black,Black,,,
Progressive,,,,
Atmospheric black,Post-rock,,,
Extreme power,,,,
Stoner,,,,
Power,Progressive,,,
Heavy,,,,
Medieval folk,,,,
Black,,,,
Melodic death,,,,
Extreme power,,,,
New wave of british heavy,Heavy,,,
Death,,,,
Death,Thrash,,,
Black,,,,
Progressive,,,,
Nu,Industrial,Alternative,,
Black,Psychedelic black,,,
Symphonic power,,,,
Depressive black,,,,
Thrash,,,,
Pagan folk,Melodic death,,,
Symphonic,Progressive,,,
Death,Technical thrash,,,
Progressive rock,Avantgarde rock,,,
Melodic death,,,,
Gothic,Glam rock,Gothic rock,Punk rock,
Progressive power,,,,
Alternative,Hard rock,,,
Power,,,,
Brutal death,,,,
Progressive death,,,,
Black,,,,
Gothic,,,,
Us power,,,,
Atmospheric black,,,,
Symphonic black,Extreme gothic,,,
Heavy,Power,,,
Gothenburg,Metalcore,,,
Progressive power,Folk,,,
Blackened heavy,,,,
Death,Gothic,Gothic doom,,
Grindcore,,,,
Hard rock,Heavy,,,
Death,,,,
Heavy,Symphonic,,,
Heavy,,,,
Symphonic black,Power,,,
Sludge,,,,
Death doom,,,,
Psychedelic black,,,,
Atmospheric black,Folk,,,
Symphonic power,,,,
Melodic death,Symphonic,,,
Symphonic power,,,,
Thrash,,,,
Black,Avantgarde,Progressive,,
Ambient black,,,,
Groove thrash,Industrial,,,
Heavy,Stoner,,,
Melodic metalcore,Alternative,,,
Doom,,,,
Heavy,,,,
Melodic metalcore,Alternative,,,
Progressive,,,,
Industrial,,,,
Gothic,Progressive,,,
Progressive,Power,,,
Blackened thrash,,,,
Heavy,Hard rock,,,
Doom,,,,
Black,Death,,,
Death,,,,
Medieval folk,Power,,,
Folk,,,,
Symphonic black,,,,
Power,,,,
Atmospheric black,Symphonic black,Ambient,,
Blackened progressive,Psychedelic rock,,,
Death doom,,,,
Black,Shoegaze,,,
Black,Folk,,,
Melodic power,Hard rock,,,
Symphonic,,,,
Alternative,Progressive,,,
Progressive,,,,
Technical death,Thrash,,,
Post-metal,,,,
Avantgarde,Progressive,,,
Hard rock,,,,
Alternative,,,,
First wave of black,,,,
Death,,,,
Death,,,,
Alternative,Thrash,Hardcore,Punk,
Symphonic black,,,,
Progressive heavy,,,,
Progressive,,,,
Stoner,,,,
Melodic death,Metalcore,,,
Nu,Alternative,,,
Stoner,Stoner rock,,,
Speed,Thrash,,,
Progressive black,Avantgarde,,,
Doom,,,,
Celtic folk,,,,
Crossover thrash,Hardcore,Punk,,
Deathgrind,,,,
Folk,Black,,,
Black,Doom,,,
Power,,,,
Heavy,,,,
Symphonic,Melodic death,,,
Heavy,Folk,,,
Thrash,Death,Black,,
Heavy,,,,
Metalcore,Deathcore,Post-hardcore,,
Symphonic death,,,,
Heavy,Folk,,,
Funeral doom,,,,
Atmospheric black,,,,
Progressive,,,,
Progressive,Instrumental,,,
Progressive math,Djent,,,
Extreme power,Trancecore,Melodic death,,
Death,Hard rock,,,
Post-metal,Atmospheric sludge,,,
Stoner,,,,
Death,,,,
Black,Grindcore,Crust punk,,
Power,,,,
Doom,Progressive power,,,
Extreme folk,,,,
Power,,,,
Gothic,,,,
Death,Heavy,,,
Depressive black,,,,
Stoner,,,,
Death,Thrash,,,
Progressive power,,,,
Thrash,,,,
Industrial death,,,,
Death,,,,
Stoner,Drone doom,,,
Symphonic black,,,,
Depressive black,Post-punk,,,
Industrial,,,,
Death,,,,
Power,Heavy,,,
Thrash,,,,
Folk,,,,
Doom,,,,
Metalcore,,,,
Hard rock,Blues rock,,,
Death,,,,
Sludge,Doom,,,
,,,Industrial,Industrial rock
Gothic,,,,
Thrash,,,,
Black,,,,
Thrash,,,,
Folk rock,,,,
Progressive power,,,,
Jazz,Experimental,,Avantgarde,
Glam,Hard rock,,,
Technical thrash,,,,
Black,,,,
Blackened death,Death doom,Extreme progressive,,
Power,,,,
Ambient black,,,,
Doom,Black,Melodic black,,
Grindcore,,,,
Black,Ambient,,,
Black,,,,
Progressive rock,,,,
Alternative,Melodic metalcore,Melodic death,,
Symphonic death,Melodic death,Gothic,,
Thrash,,,,
Folk,Gothic,,,
Symphonic power,,,,
Black,Folk,,,
Atmospheric black,Death doom,,,
Black,Post-metal,,,
New wave of british heavy,Heavy,,,
Grindcore,,,,
Metalcore,,,,
Industrial,Symphonic,,,
Depressive black,,,,
Symphonic black,Metalcore,Atmospheric black,,
Black,Thrash,,,
Heavy,Speed,,,
New wave of british heavy,Heavy,,,
Drone,Shoegaze,Post-metal,,
Post-metal,Doom,Sludge,,
Thrash,Industrial,,,
Drone doom,Psychedelic rock,,,
Industrial,,Post-punk,Darkwave,
Avantgarde,,,,
Gothenburg,,,,
Doom,Folk,Ambient black,,
Gothic doom,,,,
Symphonic folk,,,,
Extreme progressive,Progressive,,,
Power,,,,
Alternative,Industrial,Nu,,
Death doom,,,,
Post-metal,Sludge,,,
Black,,,,
Folk,,,,
Melodic black,Pagan folk,,,
Symphonic,,,,
Gothic,Folk,Power,,
Alternative,,,,
Doom,,,,
Thrash,,,,
Grindcore,Death,,,
Melodic death,,,,
Heavy,Power,,,
Deathcore,,,,
Doom,Sludge,,,
Heavy,Hard rock,,,
Power,,,,
Avantgarde,Ambient,,,
Symphonic black,Gothic,,,
Thrash,,,,
Death,Thrash,,,
Avantgarde black,,,,
Hard rock,,,,
Epic doom,,,,
Extreme progressive,,,,
Brutal death,,,,
Power,Heavy,,,
Epic doom,,,,
Symphonic math,,,,
Doom,,,,
Heavy,,,,
Industrial,Dance,,,
Power,,,,
Gothic,,,,
Viking black,,,,
Power,,,,
Doom,,,,
Glam,Hard rock,,,
Melodic death,,,,
Industrial death,,,,
Symphonic progressive,,,,
Thrash,,,,
Suomi,,,,
Symphonic folk,,,,
Progressive death,,,,
Viking folk,,,,
Progressive power,,,,
Speed,Thrash,,,
Technical death,,,,
Progressive,,,,
Grindcore,Death,,,
Black,,,,
Atmospheric black,Post-rock,,,
Industrial,Nu,,,
Symphonic gothic,,,,
Deathcore,,,,
Technical death,,,,
Depressive black,,,,
Symphonic,,,,
Experimental death,,,,
Heavy,Hard rock,Power,,
Suomi,,,,
Hard rock,Heavy,,,
Gothic rock,Gothic,Death,,
Gothic doom,,,,
Symphonic power,,,,
Progressive black,,,,
Heavy,Power,,,
Black,,,,
Heavy,Power,,,
Power,Melodic death,,,
Gothic,,,,
Funeral doom,Doom,,,
Groove heavy,,,,
Us power,,,,
Funeral doom,,,,
Black,,,,
Atmospheric black,,,,
Doom,Stoner,,,
Atmospheric black,Post-rock,Shoegaze,,
Gothic,,,,
Power,Speed,Thrash,,
Heavy,Thrash,,,
Atmospheric doom,Experimental doom,Jazz rock,,
Black,,,,
Thrash,,,,
Pagan thrash,,,,
Hard rock,Blues rock,,,
Industrial,,,,
Power,Heavy,,,
Progressive,,,,
Heavy,Progressive,,,
Progressive,Post-metal,,,
Black,,,,
Brutal death,,,,
Death,,,,
Black,,,,
Heavy,New wave of british heavy,,,
Speed,Power,Heavy,,
Hardcore,Death,,,
Funeral doom,Black,,,
J-rock,Power,,,
Viking black,,,,
Symphonic folk,,,,
Thrash,,,,
Melodic death,,,,
Thrash,,,,
Atmospheric doom,,,,
Power,,,,
Alternative thrash,Progressive,,,
Atmospheric black,Pagan black,,,
Death,,,,
Melodic death,Oriental folk,,,
Progressive,,,,
Symphonic,,,,
Progressive,Alternative,,,
Melodic thrash,Metalcore,,,
Heavy,,,,
Nu,Alternative,,,
Neoclassical heavy,Progressive,,,
Power,,,,
Doom,,,,
Math,Progressive metalcore,,,
Brutal death,,,,
Crossover thrash,Hardcore,Punk,,
Drone,Ambient,Shoegaze,,
Black,,,,
Heavy,,,,
Grindcore,,,,
Suomi,,,,
Avantgarde,Gothic,,,
Avantgarde,,,,
Technical death,,,,
Blackened folk,,,,
Melodic black,Melodic death,,,
Black,,,,
Heavy,,,,
Drone doom,Psychedelic stoner,,,
Deathcore,,,,
Heavy,,,,
Extreme power,Melodic death,,,
Heavy,Power,,,
Progressive power,,,,
Death,,,,
Extreme progressive,,,,
Heavy,,,,
Alternative,Progressive,,,
Groove metal,,,,
Viking black,,,,
Groove thrash,Hardcore,,,
Gothic,,,,
Atmospheric death,Technical death,,,
Black,Thrash,Death,,
Gothic,Gothic rock,,,
Thrash,,,,
Brutal death,Technical death,,,
Heavy,,,,
Melodic death,,,,
Funeral doom,,,,
Symphonic power,,,,
Melodic death,,,,
Hard rock,,,,
Doom,Atmospheric sludge,,,
Heavy,,,,
Viking folk,,,,
Melodic death,,,,
Death,Industrial,,,
Thrash,,,,
Heavy,Power,,,
Doom,Stoner,,,
Deathcore,,,,
Heavy,,,,
J-pop,Melodic death,,,
Progressive death,,,,
Thrash,Groove thrash,,,
Death,Thrash,,,
Power,,,,
Technical death,,,,
Black,Viking folk,,,
Progressive,Extreme power,,,
Nu,Alternative,,,
Progressive,Oriental folk,,,
Melodic black,,,,
Melodic progressive,,,,
Melodic black,Acoustic rock,Ambient,,
Symphonic black,Black,Folk,,
Doom,Psychedelic doom,,,
Power,,,,
Thrash,Progressive,Power,,
Melodic death,Progressive,Groove thrash,,
Death,,,,
Grindcore,,,,
Power,,,,
Deathcore,Symphonic,,,
Black,Gothic rock,,,
Heavy,Power,,,
Symphonic black,Gothic,,,
Melodic hard rock,Progressive hard rock,,,
Symphonic gothic,,,,
Symphonic gothic,Gothic rock,,,
Heavy,,,,
Progressive,,,,
New wave of british heavy,Thrash,Heavy,,
Black,,,,
Progressive,,,,
Glam,,,,
Nu,,,,
Black,,,,
Melodic death,Progressive,,,
Black,,,,
Death,Thrash,,,
Depressive black,,,,
Heavy,Hard rock,Gothic rock,,
Atmospheric doom,,,,
Heavy,Power,,,
Progressive deathcore,Metalcore,,,
Black,,,,
Technical deathcore,,,,
Black,,,,
Symphonic gothic,,,,
Doom,Pagan black,,,
Neoclassical heavy,Progressive,,,
Death,,,,
Funeral doom,Death doom,,,
Symphonic progressive,,,,
Melodic death,Progressive,,,
Black,Doom,,,
Heavy,,,,
Folk,,,,
Hard rock,Blues rock,Heavy,,
Black,Folk,,,
Heavy,,,,
Atmospheric black,,,,
Thrash,,,,
Black,,,,
Power,,,,
Melodic black,Progressive,,,
Technical death,Grindcore,,,
Neoclassical power,Progressive,,,
Doom,,,,
Progressive death,Alternative,Progressive,,
Black,,,,
Nu,,,,
Groove metal,,,,
Death,,,,
Progressive thrash,,,,
Heavy,Stoner,,,
Power,,,,
Death,Atmospheric death,Brutal death,,
Extreme symphonic,Gothic,,,
Heavy,,,,
Progressive death,,,,
Brutal death,,,,
Blackened thrash,,,,
Folk,,Post-rock,,
Hard rock,Heavy,,,
Sludge,,,,
Thrash,,,,
Progressive metalcore,,,,
Viking folk,,,,
Atmospheric sludge,,,,
Thrash,Power,,,
Melodic death,Thrash,,,
Death,,,,
Atmospheric doom,,,,
Industrial thrash,Groove thrash,,,
Black,,,,
Viking folk,Pagan folk,,,
Atmospheric black,Ambient black,,,
Instrumental power,,,,
Heavy,,,,
Heavy,,,,
Industrial black,,,,
Celtic folk,,,,
Heavy,,,,
Melodic black,Progressive black,,,
Thrash,,,,
Heavy,Power,,,
Progressive power,Progressive heavy,,,
Melodic death,,,,
Speed,Thrash,,,
Thrash,,,,
Grindcore,Hardcore,Punk,,
Extreme avantgarde,Dark cabaret,,,
Heavy,Glam,,,
Blackened thrash,Melodic death,Thrash,,
Black,,,,
Psychedelic doom,,,,
Progressive,Fusion,Instrumental,,
Heavy,Power,,,
Black,Pagan folk,,,
Doom,,,,
Extreme folk,Melodic death,,,
New wave of british heavy,Heavy,,,
Symphonic progressive,Acoustic,Folk,,
Doom,,,,
Black,Death,,,
Metalcore,,,,
Death,Industrial death,Thrash,,
Black,Avantgarde black,Industrial black,,
Black,,,,
Thrash,,,,
Ambient black,,,,
Atmospheric black,,,,
Melodic death,Metalcore,,,
Melodic death,,,,
Funeral doom,,,,
Heavy,Power,,,
Speed,Thrash,,,
Brutal death,,,,
Brutal death,Death,,,
Atmospheric black,Ambient,,,
Symphonic black,,,,
Power,,,,
New wave of british heavy,Heavy,Doom,,
Melodic death,,,,
Melodic death,,,,
Melodic black,Post-metal,,,
Progressive,,,,
Math,Hardcore,Metalcore,,
Melodic death,Nu,,,
Progressive,,,,
Gothenburg,Metalcore,,,
Progressive rock,Symphonic rock,,,
Progressive,,,,
Progressive,,,,
Black,Folk,,,
Black,Folk,,,
Heavy,Power,,,
Black,,,,
Power,,,,
Progressive,,,,
Gothic,Doom,,,
Hard rock,,,,
Power,Heavy,Hard rock,,
Progressive,Symphonic power,,,
Progressive thrash,,,,
Heavy,,,,
Metalcore,Trancecore,,,
Doom,Gothic,,,
Gothenburg,,,,
Glam rock,Glam,,,
Black,,,,
Symphonic gothic,,,,
Melodic black,,,,
Brutal death,,,,
Death,,,,
Heavy,Death,Thrash,,
Technical death,,,,
Black,,,,
Progressive,Fusion,,,
Doom,Folk,,,
Symphonic,Melodic death,,,
Power,Symphonic,,,
Avantgarde,Progressive,Symphonic,,
Power,,,,
Symphonic black,Pagan folk,,,
Black,,,,
Industrial,,,,
Experimental black,Noise,Drone,,
Heavy,,,,
Black,,,,
Symphonic power,Adult,Oriented rock,,
Viking black,,,,
Black,,,,
Black,Speed,,,
Alternative,Hard rock,,,
Black,Death,,,
Hard rock,,,,
Djent,Ambient,,,
Black,Folk,,,
Brutal death,,,,
Progressive power,,,,
Blackened sludge,Death,,,
Death doom,,,,
Thrash,,,,
Heavy,Progressive,,,
Power,,,,
Glam,Hard rock,Heavy,,
Industrial heavy,Medieval folk,,,
Hard rock,,,,
Technical death,Progressive grindcore,,,
Grindcore,,,,
Avantgarde,,,,
Progressive thrash,,,,
Avantgarde,Symphonic,,,
Progressive,,,,
Black,Doom,,,
Black,Sludge,,,
Experimental progressive,Math,Metalcore,,
Progressive power,,,,
Power,Hard rock,,,
Experimental black,,,,
Melodic death,,,,
Black,Avantgarde,,,
Death,,,,
Heavy,Power,,,
Atmospheric black,,,,
Thrash,,,,
Progressive power,,,,
Gothic,Atmospheric rock,,,
Folk,,,,
Doom,,,,
Deathgrind,,,,
Blackened folk,,,,
Folk,,,,
Blackened death,,,,
Heavy,,,,
Doom,,,,
Folk,,,,
Progressive,Progressive rock,,,
Death doom,Post-metal,,,
Electronic symphonic,,,,
Black,,,,
Doom,,,,
Gothic,,,,
Blackened death,Sludge,,,
Melodic death,,,,
Progressive,Power,,,
Crossover thrash,Groove thrash,,,
Power,,,,
Progressive,Instrumental,,,
Death,,,,
Death,,,,
Progressive power,,,,
Power,,,,
Black,,,,
New wave of british heavy,Heavy,,,
Melodic death,Folk,,,
Brutal death,,,,
Pagan folk,,,,
Death,Thrash,,,
Gothic,Symphonic rock,Symphonic,,
Death doom,,,,
Symphonic black,,,,
Progressive black,Avantgarde,,,
Avantgarde,,,,
Progressive,,,,
Power,,,,
Gothic,,,,
Symphonic power,,,,
Heavy,Power,,,
Thrash,,,,
Progressive math,Djent,,,
Avantgarde,Avantgarde rock,,,
Industrial grindcore,Death,,,
Progressive metalcore,,,,
Death,Thrash,,,
Deathcore,,,,
Death,,,,
Atmospheric black,Avantgarde black,Extreme avantgarde,,
Melodic black,Death,,,
Death doom,,,,
Heavy,Speed,,,
Thrash,,,,
Melodic death,,,,
Blackened death,,,,
Progressive,,,,
Symphonic black,,,,
Metalcore,,,,
Progressive rock,,,,
Progressive death,Extreme progressive,Progressive,Progressive rock,
Black,,,,
Death,Grindcore,,,
Death,,,,
Depressive black,Neoclassical,,,
Alternative,Industrial,Melodic death,,
Power,,,,
Death,,,,
Suomi,,,,
Symphonic power,,,,
Avantgarde,Symphonic black,,,
Black,Avantgarde,,,
Heavy,,,,
Gothic doom,,,,
Death doom,,,,
Nu,Metalcore,,,
Extreme power,,,,
Progressive death,Extreme progressive,,,
Progressive death,,,,
Black,Post-metal,,,
Deathcore,,,,
Blackened sludge,,,,
Grindcore,Death,,,
Progressive metalcore,Extreme power,,,
Melodic hard rock,Heavy,,,
Grindcore,,,,
Alternative,Progressive,,,
Power,,,,
Gothenburg,,,,
Black,Death,,,
Technical death,,,,
Brutal death,,,,
Modern gothenburg,,,,
Death,,,,
Progressive death,Technical death,,,
Deathgrind,Goregrind,Death,,
Industrial,,,,
Atmospheric black,Progressive black,Melodic death,,
Gothic,,,,
Celtic folk,,,,
Progressive,,,,
Blackened death,,,,
Doom,Sludge,Hardcore,,
Death doom,Black,Symphonic black,,
Death,Funeral doom,,,
Sludge,Hardcore,Punk,,
Death,Thrash,Heavy,,
Melodic power,,,,
Atmospheric black,Funeral doom,,,
Melodic death,,,,
Death,,,,
Symphonic,Gothic,,,
Black,,,,
Progressive,,,,
Pagan folk,,,,
Thrash,,,,
Death,,,,
Power,,,,
Black,Death,,,
Nu,Alternative,Ragga,,
Melodic death,,,,
Avantgarde,,,,
Death,Gothic industrial,,,
Power,,,,
Hardcore,Metalcore,Punk,,
Us power,Thrash,,,
Alternative,Nu,,,
Extreme power,,,,
Gothenburg,,,,
Death,Symphonic,Blackened death,,
Symphonic progressive,,,,
Death,,,,
Symphonic doom,,,,
Black,,,,
Death doom,,,,
Black,Death doom,Progressive death,,
Heavy,Speed,Thrash,,
Alternative,Progressive,,,
Power,,,,
Alternative,Hardcore,Punk,,
Atmospheric sludge,Post-metal,,,
Ambient,Drone,Doom,,
Black,Progressive black,Avantgarde black,,
Folk,,,,
Black,,,,
Black,,,,
Hard rock,Grunge,,,
Power,Symphonic,,,
Melodic death,,,,
Us power,,,,
Alternative,Metalcore,Melodic metalcore,,
Death doom,,,,
Crossover thrash,Hardcore,Punk,,
Black,,,,
Viking black,,,,
Pagan black,,,,
Power,,,,
Death,,,,
Progressive,,,,
Atmospheric death,Brutal death,,,
Death,,,,
Brutal death,,,,
Avantgarde,,,,
Heavy,Power,,,
Medieval folk,,,,
Progressive,,,,
Symphonic black,Progressive,,,
Death,,,,
Doom,Gothic,,,
Melodic death,Doom,,,
Melodic death,,,,
Power,Folk,,,
Melodic death,,,,
Alternative,Progressive rock,,,
Viking folk,,,,
Heavy,,,,
Death,Doom,,,
Symphonic power,Progressive heavy,,,
Technical death,,,,
Gothic,,,,
Grungerock,Thrash,,,
Gothic,,,,
Ambient,Darkwave,Gothic industrial,,
Post-metal,Post-rock,Psychedelic rock,,
Hard rock,,,,
Thrash,,,,
Black,,,,
Death,,,,
Hard rock,Heavy,Progressive rock,,
Heavy,,,,
Death,,,,
Progressive,Avantgarde,,,
Atmospheric doom,,,,
Symphonic,,,,
Doom,Viking folk,Viking black,,
Black,,,,
Death,Thrash,,,
Death doom,,,,
Progressive,Instrumental,,,
Brutal death,Grindcore,,,
Industrial black,,,,
Pagan black,,,,
Doom,Stoner,,,
Heavy,Doom,,,
Heavy,,,,
Gothic,,,,
Symphonic black,Melodic death,,,
Death,Melodic black,,,
Power,,,,
Power,,,,
Atmospheric black,Neofolk,,,
Melodic death,,,,
New wave of british heavy,Heavy,,,
Brutal death,,,,
Symphonic black,Blackened death,Melodic black,,
Progressive,,,,
Hard rock,Heavy,,,
Melodic death,,,,
Black,,,,
Progressive power,,,,
Progressive,Instrumental,,,
Power,,,,
Thrash,Speed,,,
Doom,Psychedelic rock,,,
Black,,,,
Grindcore,,,,
Symphonic gothic,Atmospheric doom,,,
Folk,Black,,,
Atmospheric black,,,,
Progressive metalcore,Hardcore,Post-hardcore,Post-metal,Progressive sludge
Death,Thrash,,,
Melodic death,Thrash,,,
Atmospheric black,Folk,,,
Thrash,,,,
Brutal death,,,,
Black,,,,
Celtic doom,,,,
Heavy,Us power,,,
Gothic,Death doom,Doom,,
Atmospheric black,Industrial black,,,
Death,,,,
Heavy,Power,,,
Sludge,,,,
Blackened death,Thrash,,,
Melodic heavy,,,,
Progressive thrash,Avantgarde,Alternative,Symphonic death,Industrial
Melodic death,Folk,,,
Symphonic black,Industrial,,,
Atmospheric black,Death,,,
Grindcore,Noisecore,,,
Symphonic power,,,,
Progressive,,,,
Death,Goregrind,,,
Progressive,Djent,Instrumental,,
Thrash,,,,
Pagan black,,,,
Thrash,,,,
Progressive,,,,
Black,,,,
Folk,Melodic death,,,
Doom,,,,
Melodic death,,,,
Progressive death,Blackened death,,,
Progressive math,Djent,,,
Death,,,,
Death,,,,
Heavy,Symphonic power,,,
Progressive math,,,,
Death,Thrash,,,
Brutal death,,,,
Melodic metalcore,,,,
Black,Sludge,,,
Power,,,,
Funeral doom,,,,
Technical death,,,,
Symphonic,,,,
Power,,,,
Alternative,Hard rock,,,
Sludge,Industrial,Atmospheric sludge,Doom,
Avantgarde,Fusion,,,
Atmospheric gothic,,,,
Folk,,,,
Melodic death,Technical death,,,
Progressive,Thrash,Instrumental,,
Death doom,,,,
Thrash,,,,
Post-metal,,,,
Progressive doom,,,,
Depressive black,,,,
Technical death,,,,
Doom,,,,
Avantgarde,Progressive death,,,
Crossover thrash,Hardcore,,,
Atmospheric black,Dark ambient,,,
Heavy,,,,
Progressive,,,,
Progressive,Psychedelic rock,,,
Metalcore,,,,
Brutal death,Technical death,,,
Progressive,Ambient,,,
Melodic black,,,,
Heavy,,,,
Doom,Gothic doom,,,
Thrash,,,,
Death,,,,
Blackened death,,,,
Depressive black,Post-metal,,,
Atmospheric black,Drone doom,Neofolk,Noise,
Brutal death,,,,
Symphonic power,,,,
Progressive death,,,,
Progressive,Avantgarde,,,
Blackened folk,,,,
Progressive power,,,,
Death,Thrash,,,
New wave of british heavy,Heavy,,,
Power,,,,
Stoner,,,,
Avantgarde,,,,
Black,,,,
Black,,,,
Gothic,,,,
Symphonic,,,,
Pagan folk,,,,
Post-metal,,,,
Death doom,,,,
Melodic death,Folk,,,
Folk,Symphonic,,,
Funeral doom,,,,
Power,,,,
Folk,,,,
Hardcore,Alternative,Grunge,,
Black,,,,
Black,Electro avantgarde,,,
Black,,,,
Death,Doom,,,
Extreme progressive,,,,
Power,,,,
Death,Thrash,,,
Industrial,Nu,,,
Progressive,Power,,,
Doom,,,,
Hardcore,Crossover thrash,Punk,,
Funeral doom,,,,
Stoner,Sludge,,,
Progressive power,,,,
Gothic,Doom,,,
Symphonic,,,,
Viking folk,,,,
Melodic black,,,,
Experimental black,,,,
Death,,,,
Glam,,,,
Symphonic black,Thrash,,,
Power,,,,
Gothenburg,,,,
Psychedelic rock,Stoner,,,
Melodic black,Gothic,,,
Death,Thrash,,,
Doom,,,,
Heavy,,,,
Industrial,Alternative,,,
Neoclassical heavy,Instrumental hard rock,,,
Heavy,Power,,,
Power,,,,
Progressive,,,,
Melodic death,Doom,,,
Atmospheric black,Doom,,,
Heavy,,,,
Folk,Power,,,
Technical progressive,,,,
Progressive rock,,,,
Doom,Stoner,,,
Technical death,Power,Death,Thrash,
Melodic death,Extreme power,,,
Blackened sludge,Doom,,,
Hard rock,Heavy,,,
Death,,,,
Black,Death,,,
Black,Folk,Progressive,,
Black,,,,
Gothenburg,,,,
Dark,Ambient,Atmospheric black,,
Viking black,,,,
Hard rock,Power,,,
Progressive death,,,,
Symphonic black,Avantgarde black,,,
Symphonic,,,,
Death doom,Funeral doom,,,
Ambient black,,,,
Industrial thrash,,,,
Suomi,Glam,,,
Death,Blackened death,,,
Technical death,,,,
Black,,,,
Pagan folk,,,,
Melodic death,,,,
Black,Death,,,
Death,,,,
Deathcore,Grindcore,Technical deathcore,,
Psychedelic black,,,,
Black,Ambient,Noise,,
Death,Melodic death,Folk,Power,
Black,,,,
Avantgarde black,,,,
Black,Doom,Post-rock,Progressive rock,
Death,Thrash,,,
Power,,,,
Crust punk,,Death,Grindcore,
Black,Doom,,,
Melodic death,,,,
Depressive black,,,,
Thrash,,,,
Power,,,,
Melodic black,,,,
Black,,,,
Pagan black,,,,
Death doom,,,,
Melodic death,Metalcore,,,
Heavy,,,,
Suomi,,,,
Thrash,,,,
Death doom,,,,
Death,,,,
Progressive rock,,,,
Viking folk,Extreme power,,,
Folk,Power,,,
Brutal death,,,,
Epic doom,,,,
Atmospheric doom,Atmospheric gothic,,,
Industrial black,,,,
Black,,,,
Melodic death,,,,
Blackened death,,,,
Heavy,Thrash,Folk,,
Industrial,Nu,,,
Black,Gothic rock,Doom,Gothic,
Brutal death,Technical death,,,
Heavy,,,,
Melodic black,,,,
Melodic death,Metalcore,,,
Symphonic,Power,Progressive,,
Progressive rock,Progressive,,,
Atmospheric black,,,,
Symphonic black,Progressive death,Post-metal,,
Blackened thrash,,,,
Pagan black,,,,
Heavy,Folk,,,
Heavy,Us power,,,
Doom,,,,
Alternative,Industrial,,,
Symphonic,,,,
Melodic death,Extreme power,,,
Melodic death,Technical death,,,
Viking black,,,,
Death,,,,
Technical death,,,,
Speed,Thrash,,,
Blackened death,,,,
Black,,,,
Funeral doom,,,,
Pagan black,Folk,,,
Progressive,Thrash,,,
Sludge,Hardcore,Punk,,
Death,,,,
Symphonic,,,,
Black,,,,
Folk,,,,
Thrash,Melodic black,Melodic death,,
Melodic death,Progressive,,,
Heavy,,,,
Sludge,Doom,,,
Black,,,,
Thrash,,,,
Black,,,,
Death,,,,
Black,Oriental folk,,,
Gothic industrial,,,,
Progressive doom,,,,
Technical death,,,,
Technical death,,,,
Medieval folk,Medieval,Folk rock,,
Atmospheric black,,,,
Gothic,,,,
Folk,,,,
Industrial death,,,,
Industrial black,Dark,Ambient,,
Black,,,,
Symphonic black,,,,
Funeral doom,,,,
Glam,Hard rock,,,
Melodic deathcore,Technical death,,,
Avantgarde black,,,,
Melodic death,Heavy,Power,,
Heavy,Doom,,,
Heavy,,,,
Gothenburg,,,,
Melodic death,Progressive,,,
Black,Death,,,
Viking folk,Power,,,
Thrash,Melodic death,,,
Symphonic black,,,,
Atmospheric black,Pagan black,,,
Industrial,,,,
Melodic death,,,,
Extreme power,,,,
Pagan black,,,,
Melodic death,Heavy,Doom,,
Brutal death,,,,
Power,,,,
Black,Avantgarde,,,
Extreme sludge,Doom,,,
Symphonic,,,,
Extreme avantgarde,Extreme progressive,,,
Power,,,,
Melodic death,,,,
Stoner,,,,
Heavy,,,,
Black,,,,
Symphonic progressive,,,,
Avantgarde black,,,,
Black,Death,,,
Melodic death,Symphonic,,,
Technical death,Progressive,,,
Alternative,Hard rock,,,
Sludge,Doom,,,
Neoclassical power,Progressive,,,
Funeral doom,,,,
Black,,,,
Melodic death,Progressive death,,,
Thrash,,,,
Funeral doom,Atmospheric black,,,
Pagan black,,,,
Thrash,,,,
Heavy,,,,
Atmospheric black,Shoegaze,Post-rock,,
Power,,,,
Thrash,Death,,,
Progressive,Progressive rock,,,
Death,,,,
Extreme power,,,,
Black,,,,
Progressive power,,,,
Blues rock,Hard rock,,,
Heavy,,,,
Melodic death,,,,
Black,,,,
Thrash,,,,
Symphonic power,,,,
Symphonic black,Industrial,,,
Power,Heavy,,,
Death,Black,,,
Brutal death,Pagan black,Pagan folk,,
Extreme progressive,,,,
Extreme avantgarde,,,,
Thrash,,,,
Black,Doom,Death,,
Black,Melodic death,,,
Hard rock,Heavy,,,
Pagan black,,,,
Progressive,,,,
Melodic black,,,,
Doom,Gothic,,,
Folk,,,,
Funeral doom,,,,
Pagan black,,,,
Gothenburg,,,,
Blackened death,,,,
Industrial gothic,Gothic rock,,,
Heavy,,,,
Symphonic gothic,,,,
New wave of british heavy,Heavy,,,
Progressive,Instrumental,,,
Heavy,Power,,,
Power,,,,
Gothic,,,,
Death,,,,
Funeral doom,Melodic death,,,
Melodic death,Gothic,Heavy,,
Gothic,,,,
Black,Crust punk,,,
Depressive black,Electronica,Shoegaze,,
Viking folk,Punk rock,,,
Viking folk,,,,
Death,Melodic death,Thrash,,
Bay area thrash,,,,
Symphonic deathcore,,,,
Hard rock,,,,
Symphonic gothic,,,,
Heavy,,,,
Pagan folk,,,,
Atmospheric black,,,,
Melodic thrash,,,,
Gothic,,,,
Gothic,Gothic rock,,,
Melodic death,,,,
Glam,Gothic,,,
Speed,Thrash,,,
Funeral doom,Symphonic doom,,,
Death doom,,,,
Atmospheric black,Folk,,,
Instrumental Post-metal,,,,
Heavy,,,,
Brutal death,,,,
Death doom,,,,
Progressive,Fusion,,,
Hard rock,Heavy,,,
Post-metal,,,,
Heavy,,,,
Sludge,,,,
Hard rock,Blues rock,,,
Death,Thrash,,,
Death,Gothic,,,
New wave of british heavy,Hard rock,Heavy,,
Thrash,,,,
Death,,,,
Suomi,,,,
Doom,Black,,,
Doom,Heavy,,,
Power,,,,
Death,,,,
Progressive power,,,,
Thrash,,,,
Progressive,Progressive rock,,,
Ambient,Drone,,Post-rock,
Melodic black,Melodic death,,,
Thrash,Alternative,,,
Blackened sludge,Doom,,,
Death,Metalcore,Thrash,,
Melodic death,,,,
Death,Thrash,,,
Progressive,,,,
Goregrind,,,,
Stoner,,,,
Brutal death,Technical death,,,
Progressive,,,,
New wave of british heavy,Heavy,,,
Heavy,Progressive,,,
Death,,,,
Depressive black,,,,
Progressive,,,,
Technical thrash,,,,
Black,,,,
Black,Thrash,,,
Funeral doom,,,,
Doom,Stoner,,,
Doom,,,,
Thrash,,,,
Folk,Doom,Heavy,,
Thrash,,,,
Thrash,,,,
Atmospheric sludge,Post-metal,,,
Us power,,,,
Viking black,Folk,Neofolk,,
Death 'n' roll,,,,
Shoegaze,Black,,,
Blackened sludge,,,,
Heavy,Hard rock,,,
Heavy,,,,
Thrash,,,,
Death,Groove thrash,Heavy,Thrash,
Symphonic progressive,,,,
Math,,,,
Metalcore,,,,
Black,,,,
Black,,,,
Pagan folk,Viking black,,,
Heavy,Industrial thrash,Thrash,,
Black,Post-metal,Sludge,,
Death,Death doom,,,
Doom,Sludge,Stoner,,
Heavy,,,,
Death,Thrash,,,
Heavy,,,,
Experimental gothic,Progressive death,Doom,,
Grindcore,Brutal death,Death,Punk,
Hardcore,Noise rock,,,
Blackened gothic,,,,
Black,,,,
Death,,,,
Power,,,,
Extreme progressive,,,,
Black,,,,
Stoner,Heavy,,,
Blackened death,,,,
Doom,Heavy,,,
Thrash,Progressive black,,,
Metalcore,Deathcore,,,
Black,Sludge,Hardcore,,
Atmospheric black,,,,
Black,,,,
Funeral doom,,,,
Black,,,,
Death doom,Extreme progressive,Technical death,,
Alternative rock,Progressive,,,
Gothenburg,Metalcore,,,
Progressive,,,,
Metalcore,,,,
Death doom,,,,
Cyber grindcore,,,,
Pagan black,Folk,,,
Depressive black,,,,
Bay area thrash,,,,
Gothic doom,,,,
Us power,Thrash,,,
Death,Thrash,,,
Progressive black,Atmospheric black,,,
Black,,,,
Grindcore,,,,
Hard rock,,,,
Melodic death,,,,
Death,,,,
Melodic death,Gothic,,,
Blackened deathcore,Symphonic deathcore,Progressive deathcore,,
Progressive thrash,,,,
Death,Thrash,,,
Us power,,,,
Melodic death,,,,
Power,,,,
Progressive,Power,,,
Black,,,,
Progressive death,Atmospheric sludge,Post-metal,,
Power,,,,
Melodic death,Thrash,,,
Metalcore,Trancecore,,,
Doom,Folk,Stoner,,
Hard rock,Heavy,Thrash,Speed,
Funeral doom,Ambient,,,
Hard rock,Neoclassical,Instrumental,,
Brutal death,Technical death,,,
Black,,,,
Funeral doom,Drone,,,
Heavy,Thrash,,,
Atmospheric black,Celtic black,,,
Melodic death,Black,,,
Black,Krautrock,,,
Power,,,,
Melodic death,Doom,,,
Gothic doom,Neoclassical darkwave,,,
Atmospheric doom,,,,
Gothic,,,,
Melodic death,Doom,,,
Death,,,,
Death,,,,
Progressive death,Thrash,,,
Electronic symphonic,,,,
Heavy,Power,,,
Gothic black,,,,
Progressive,Power,,,
Melodic death,Industrial,,,
Technical death,,,,
Melodic death,Doom,,,
Grindcore,Noise,,,
Black,Death,,,
Death,,,,
Technical death,,,,
Grindcore,,,,
Deathcore,Math,Metalcore,,
Melodic black,,,,
Black,,,,
Black,,,,
Pagan black,,,,
Pagan folk,,,,
Power,Thrash,,,
Symphonic,,,,
Metalcore,Technical grindcore,,,
Progressive gothic,Progressive doom,,,
Black,Black 'n' roll,,,
Power,,,,
Black,,,,
Power,,,,
Symphonic power,,,,
Death,Thrash,,,
Death doom,,,,
Melodic death,,,,
Math,Djent,,,
Black,Folk,,,
Symphonic black,Death,,,
Progressive death,Avantgarde,,,
Death,,,,
Deathcore,Brutal death,,,
Us power,,,,
Doom,,,,
Technical death,,,,
Death,,,,
Melodic death,Gothenburg,,,
Grindcore,,,,
Death,Speed,,,
Progressive,Melodic death,,,
Crust punk,,,,
Metalcore,Trancecore,,,
Technical death,Grindcore,Sludge,,
Power,,,,
Melodic death,,,,
Progressive,,,,
Death,,,,
Metalcore,,,,
Gothenburg,,,,
Brutal death,,,,
Avantgarde metalcore,Avantgarde math,,,
Melodic death,Symphonic death,,,
Stoner,,,,
Black,,,,
Doom,,,,
Death,,,,
Brutal death,,,,
Black,Brutal death,,,
Black,Death,,,
Melodic black,,,,
Symphonic,Heavy,Industrial,,
Gothic,,,,
Post-metal,Sludge,,,
Heavy,,,,
Progressive,Death,,,
Funeral doom,,,,
Depressive black,,,,
Industrial,,,,
Progressive power,,,,
Death,Thrash,,,
Heavy,,,,
Power,,,,
Progressive rock,,,,
Doom,,,,
Atmospheric black,,,,
Black,Depressive black,,,
Gothic black,,,,
Progressive,,,,
Black,Sludge,,,
Symphonic,Power,,,
Psychedelic black,,,,
Power,Heavy,,,
Black,,,,
Symphonic gothic,,,,
Heavy,,,,
Black,,,,
Thrash,Death,,,
Heavy,Hard rock,,,
Black,,,,
Technical thrash,Progressive thrash,Math,,
Symphonic power,,,,
Blackened heavy,Heavy,,,
Black,,,,
Alternative,Industrial,,,
Heavy,,,,
Progressive thrash,,,,
Folk,,,,
Industrial rock,Alternative rock,,,
Black,,,,
Power,,,,
Power,,,,
Celtic black,Celtic folk,,,
Black,,,,
Heavy,,,,
Melodic death,Metalcore,,,
Power,Thrash,,,
Pagan black,,,,
Melodic black,,,,
Death,,,,
Metalcore,,,,
Avantgarde,,,,
Black,Death,,,
Power,,,,
Black,,,,
Power,,,,
Power,Speed,,,
Power,,,,
Ambient black,,,,
Progressive,,,,
Atmospheric black,,Post-rock,Shoegaze,
Progressive,,,,
Symphonic black,,,,
Gothenburg,Melodic metalcore,,,
Symphonic,,,,
Ambient black,,,,
Black,Death,Thrash,,
,Post-rock,Atmospheric sludge,,
Doom,Gothic,,,
Atmospheric doom,,,,
Atmospheric black,Neofolk,,,
Progressive,Symphonic power,,,
Melodic power,,,,
Folk,Thrash,,,
Symphonic,,,,
Progressive deathcore,Symphonic death,,,
Atmospheric black,,,,
Celtic folk,,,,
Progressive,,,,
Crossover thrash,,,,
Power,,,,
Melodic death,,,,
Black,,,,
Thrash,,,,
Hard rock,Heavy,,,
Power,Progressive,,,
Heavy,,,,
Black,Funeral doom,,,
Death,,,,
Progressive,,,,
Progressive black,,,,
Glam rock,,,,
New wave of british heavy,Heavy,Progressive,,
Industrial death,Melodic death,,,
Thrash,,,,
Doom,,,,
Heavy,Power,,,
Progressive,,,,
Death,Thrash,,,
Death doom,,,,
Psychedelic rock,Stoner rock,,,
Black,Folk,,,
Extreme progressive,Progressive death,Alternative,,
Doom,Stoner,Progressive rock,,
Melodic death,Doom,,,
Hard rock,Stoner rock,,,
Groove thrash,Alternative,,,
Thrash,Industrial,,,
Suomi,,,,
Death,,,,
Melodic black,Blackened death,Industrial,Electronic,
Black,Doom,,,
Technical death,Progressive,,,
Melodic black,,,,
Stoner,Sludge,,,
Melodic death,,,,
Grindcore,Hard rock,Heavy,Gothenburg,
Melodic death,,,,
Progressive,,,,
Brutal death,,,,
Atmospheric black,,,,
Alternative,,,,
Thrash,,,,
Symphonic power,,,,
Heavy,,,,
Black,Post-metal,,,
Heavy,,,,
Melodic death,,,,
Melodic power,,,,
Melodic metalcore,,,,
Death,,,,
Alternative rock,Hardcore,,,
Thrash,,,,
Death,Doom,,,
Death,,,,
Black,,,,
Melodic death,,,,
Aggrotech,Melodic black,Industrial,,
Black,Doom,,,
Death,,,,
Death,Sludge,,,
Brutal death,Grindcore,,,
Progressive,,,,
Death doom,,,,
Power,Thrash,,,
Symphonic power,Black,,,
Progressive,Progressive rock,,,
Melodic death,Symphonic,,,
Symphonic black,Folk,,,
Death,Thrash,,,
Melodic death,,,,
Grindcore,,,,
Goregrind,,,,
Melodic death,,,,
Doom,Sludge,,,
Power,,,,
Grindcore,Death,,,
Death,Blackened thrash,,,
Brutal death,Technical death,,,
Death doom,,,,
Folk,Post-metal,,,
Power,,,,
Heavy,,,,
Symphonic power,Symphonic progressive,,,
Grindcore,,,,
Power,Thrash,,,
Extreme progressive,Melodic death,,,
Progressive,,,,
Metalcore,,,,
Heavy,,,,
Heavy,Thrash,,,
Technical death,,,,
Progressive,,,,
Grindcore,,,,
Industrial black,,,,
Thrash,,,,
Nu,Alternative,,,
Blackened sludge,Noise,,,
Heavy,Hard rock,,,
Black,,,,
Melodic doom,Melodic death,,,
Us power,Blackened death,Blackened heavy,,
Death,,,,
Melodic death,,,,
Crossover thrash,,,,
Doom,,,,
Industrial death,,,,
Power,,,,
Gothic,Gothenburg,,,
Black,,,,
Pagan folk,Melodic black,,,
Power,Folk,,,
Doom,,,,
Progressive,,,,
Post-metal,,,,
Progressive,,,,
Power,Progressive,,,
Death,,,,
Thrash,,,,
Symphonic black,,,,
Black,,,,
Gothic,,,,
Progressive gothic,,,,
Progressive,Djent,Instrumental,,
Drone doom,Psychedelic doom,,,
Sludge,Stoner,,,
Atmospheric sludge,,,,
Technical death,,,,
Death doom,,,,
Power,,,,
Progressive rock,Progressive,,,
Heavy,Industrial,Doom,,
Metalcore,,,,
Death,Brutal death,,,
Black,Thrash,,,
Progressive,Power,,,
Thrash,,,,
Black,Doom,Sludge,,
Atmospheric black,Ambient black,,,
Progressive,,,,
Progressive,Doom,,,
Symphonic,Folk,,,
Gothenburg,Progressive,,,
Death doom,Gothic,,,
Neoclassical power,,,,
Black,,,,
Thrash,Speed,,,
Melodic black,,,,
Power,,,,
Atmospheric black,,,,
Melodic thrash,,,,
Heavy,,,,
Hardcore,Punk,,,
Symphonic power,,,,
Black,Industrial,Progressive,,
Black,,,,
Heavy,Thrash,,,
Progressive,Power,,,
Heavy,Us power,,,
Power,,,,
Thrash,Death,,,
Progressive,Instrumental,,,
Heavy,Power,,,
Melodic black,,,,
Power,,,,
Black,Death,Melodic black,Folk,
Symphonic black,Death,Black,,
Doom,Symphonic,,,
Industrial doom,,,,
Progressive death,,,,
Technical death,Progressive,,,
Death,,,,
Alternative,Gothic,,,
Death,,,,
Symphonic black,,,,
Melodic power,,,,
Depressive black,Funeral doom,,,
Hard rock,,,,
Black,Melodic death,,,
Black,,,,
Death,,,,
Extreme industrial,,,,
Progressive death,Death,,,
Black,Funeral doom,,,
Progressive,,,,
Atmospheric black,Doom,,,
Heavy,,,,
Progressive black,,,,
Blackened death,,,,
Gothic,Avantgarde,Industrial thrash,,
Metalcore,,,,
Death,Thrash,,,
Progressive,,,,
Black,Post-metal,,,
Progressive,,,,
Black,Thrash,,,
Sludge,,,,
Heavy,,,,
Melodic black,Death,Thrash,,
Black,,,,
Metalcore,Nu,,,
Progressive black,Post-metal,Hardcore,,
Black,,,,
New wave of british heavy,Heavy,,,
Black,Funeral doom,,,
Thrash,,,,
Avantgarde black,,,,
Avantgarde,Black,,,
Gothic,Symphonic,,,
Black,,,,
Symphonic black,,,,
Thrash,Symphonic,,,
Alternative,,,,
Heavy,,,,
Power,,,,
Brutal death,Goregrind,,,
Black,Death,,,
Brutal death,Technical death,,,
Thrash,Death,,,
Power,,,,
Symphonic gothic,Alternative,,,
Black,Thrash,,,
Thrash,Grindcore,,,
Atmospheric black,Folk,,,
Gothic,Gothic rock,,,
Sludge,,,,
Grindcore,,,,
Death,Grindcore,,,
Black,,,,
Thrash,Us power,,,
Death,,,,
Progressive,,,,
Melodic black,Doom,,,
Pagan black,,,,
Extreme symphonic,Symphonic black,,,
Melodic death,,,,
Industrial,,,,
Power,,,,
Black,Post-metal,,,
Power,Heavy,,,
Progressive,Neoclassical,,,
Death,Thrash,,,
Sludge,Industrial,Avantgarde,,
Thrash,,,,
Black,Death,,,
Death,Thrash,,,
Progressive,,,,
Depressive black,,,,
Psychedelic stoner,Grunge,,,
Power,,,,
Melodic black,,,,
Progressive power,,,,
Symphonic power,,,,
Heavy,Power,Progressive,,
Melodic death,,,,
Hard rock,Glam,,,
Progressive,Oriental folk,,,
Progressive,Alternative,,,
Symphonic black,,,,
Death,Thrash,,,
Blackened death,,,,
Heavy,Thrash,,,
Brutal death,,,,
Hard rock,Heavy,,,
Gothic doom,,,,
Goregrind,Deathgrind,,,
Melodic death,Symphonic,Gothic,,
Drone doom,Dark,Ambient,,
Us power,Progressive,,,
Black,,,,
Gothic,,,,
Blackened death,,,,
Progressive,,,,
Stoner,,,,
Doom,,,,
Power,,,,
Progressive,,,,
Melodic death,,,,
Power,,,,
Death,Gothic,,,
Symphonic,Gothic,,,
Death doom,,,,
Funeral doom,,,,
Death,,,,
Death,Doom,,,
Technical death,Progressive death,Blackened death,Death doom,Death
Black,,,,
Progressive death,,,,
Progressive,,,,
Folk,Heavy,Hard rock,,
Death,,,,
Black,Atmospheric black,Depressive black,,
Doom,,,,
Doom,Stoner,,,
Gothic,,,,
Black,,,,
Death doom,Gothic,,,
Neofolk,Black,,,
Death,,,,
Black,Industrial,Death,,
Black,,,,
Progressive,,,,
Viking folk,,,,
Progressive rock,Progressive,,,
Melodic death,,,,
Black,,,,
Heavy,,,,
Black,,,,
Progressive,Jazz,,,
Technical death,,,,
Death,Doom,,,
Progressive black,Death doom,,,
Progressive death,Technical thrash,,,
Avantgarde,,,,
Doom,Stoner,,,
Black,,,,
Melodic death,Thrash,,,
Gothic doom,Gothic,Gothic rock,,
Gothic,Atmospheric rock,,,
Sludge,Doom,,,
Symphonic,,,,
Heavy,Power,Hard rock,,
Thrash,,,,
Brutal deathcore,Death,,,
Progressive death,,,,
Psychedelic doom,Stoner rock,,,
Psychedelic doom,,,,
Death,,,,
Progressive,,,,
Grindcore,Hardcore,,,
Doom,Gothic,,,
Death,Black,,,
Progressive,Neoclassical power,,,
Experimental grindcore,,,,
Extreme progressive,,,,
Sludge,Stoner,,,
Jazz,Avantgarde math,Grindcore,Fusion,
Heavy,,,,
Gothic doom,,,,
Melodic death,Melodic black,,,
Hard rock,Heavy,,,
Melodic death,Black,,,
Death doom,,,,
Doom,Sludge,,,
Death,,,,
Alternative,Crossover folk,Progressive,,
Progressive,,,,
Black,,,,
Power,,,,
Atmospheric black,,,,
Progressive death,,,,
Black,Death,,,
Thrash,,,,
Extreme progressive,,,,
Black,Avantgarde,,,
Metalcore,,,,
Black,,,,
Gothenburg,Power,,,
Symphonic black,,,,
Brutal death,,,,
Thrash,,,,
Melodic death,,,,
Death,,,,
Technical thrash,,,,
Progressive,New age,,,
Death,,,,
Avantgarde black,,,,
Symphonic power,Gothic,Industrial,,
Black,,,,
Symphonic,,,,
Black,Gothic,,,
Atmospheric black,Death doom,,,
Funeral doom,,,,
Sludge,,,,
Progressive,Djent,,,
Deathgrind,,,,
Us power,,,,
Heavy,,,,
Progressive,,,,
Black,Hardcore,,,
Heavy,Stoner,,,
Extreme progressive,,,,
Death,,,,
Alternative,Alternative rock,,,
Post-metal,Black,,,
Black,Industrial,,,
Progressive rock,,,,
Atmospheric black,Folk,,,
Brutal death,Technical death,,,
Heavy,Hard rock,,,
Black,,,,
Stoner,Psychedelic rock,,,
Death,,,,
Progressive,,,,
Symphonic power,,,,
Crossover thrash,,,,
Power,,,,
Groove thrash,,,,
Gothenburg,,,,
Progressive death,,,,
Black,,,,
Alternative,Nu,,,
Death doom,,,,
Death,Gothic,,,
Death,Thrash,,,
Melodic death,,,,
Black,,,,
Heavy,,,,
Progressive,,,,
Pagan black,,,,
Heavy,,,,
Death,,,,
Viking folk,Melodic death,,,
Death,,,,
Thrash,,,,
Heavy,Crust punk,,,
Brutal death,,,,
Symphonic,Heavy,,,
Thrash,Heavy,,,
Melodic death,,,,
Avantgarde,,,,
Experimental black,,,,
Thrash,,,,
Death doom,Progressive,,,
Atmospheric black,,,,
Blackened doom,,,,
Hard rock,Glam,,,
Heavy,Stoner,,,
Funeral doom,Death doom,,,
Drone doom,Sludge,,,
Math,Metalcore,,,
Metalcore,,,,
Black,Post-metal,,,
Doom,Heavy,,,
Grindcore,,,,
Black,Avantgarde,Melodic black,,
Death,Industrial,Technical death,,
Power,,,,
Doom,Death,Thrash,,
Black,,,,
Power,Speed,,,
Doom,,,,
Atmospheric black,,,,
Black,Post-metal,,,
Progressive,,,,
Black,,,,
Black,,,,
Folk,,,,
Black,Folk,,,
Death,Thrash,,,
Black,Symphonic black,Gothic,,
Hardcore,Melodic death,Black,Folk,Brutal death
Power,Symphonic,,,
Death,Thrash,,,
Technical death,,,,
Sludge,,,,
Black,,,,
Brutal death,,,,
Folk,Industrial,Gothic,,
Heavy,,,,
Symphonic black,,,,
Pagan black,,,,
Power,,,,
Progressive death,,,,
Electronic industrial,,,,
Black,,,,
Viking black,,,,
Power,,,,
Death,Thrash,,,
Black,Post-metal,Hardcore,,
Progressive death,,,,
Black,,,,
Heavy,,,,
Sludge,,,,
Avantgarde black,Doom,,,
Heavy,,,,
Groove thrash,Comedy,,,
Thrash,,,,
Power,Speed,,,
Death,,,,
Brutal death,,,,
Hard rock,,,,
Heavy,,,,
Pagan black,,,,
Black,Gothic,,,
Extreme progressive,,,,
Doom,,,,
Heavy,,,,
Melodic death,,,,
Progressive death,,,,
Power,Heavy,,,
Black,,,,
Melodic death,,,,
Progressive,,,,
Pagan black,,,,
Progressive death,,,,
Death,,,,
Doom,Sludge,,,
Heavy,,,,
Progressive,,,,
Atmospheric black,Depressive black,,,
Symphonic gothic,,,,
Black,,,,
Sludge,Post-metal,,,
Black,,,,
Progressive deathcore,Technical death,,,
Funeral doom,Death doom,,,
Metalcore,,,,
Black,,,,
Progressive death,Technical death,,,
Heavy,,,,
Melodic death,,,,
Technical death,,,,
Symphonic black,Gothic,,,
Progressive,Progressive death,Metalcore,,
Death,,,,
Black,,,,
Power,Progressive,,,
Progressive rock,Psychedelic rock,,,
Hard rock,Alternative rock,,,
Deathcore,,,,
Black,Death,,,
Death,Thrash,,,
Black,,,,
Hard rock,Heavy,,,
Melodic death,,,,
Progressive,,,,
Progressive,,,,
Power,,,,
Heavy,Progressive,Hard rock,,
Blackened doom,Sludge,Crust punk,,
Technical death,Brutal death,,,
Folk,Melodic death,,,
Melodic death,,,,
Progressive,Progressive rock,,,
Gothenburg,,,,
Progressive black,,,,
Black,Funeral doom,,,
Power,Heavy,,,
Black,,,,
Black,Doom,,,
Atmospheric black,,,,
Death,,,,
Melodic death,,,,
Black,Crust punk,,,
Funeral doom,,,,
Power,,,,
Melodic death,,,,
Extreme power,,,,
Power,Thrash,,,
Us power,Speed,Thrash,,
Pagan black,,,,
Black,,,,
Hard rock,,,,
Melodic black,,,,
Technical death,,,,
Power,Speed,Thrash,Heavy,
Heavy,,,,
Atmospheric sludge,,,,
Black,,,,
Experimental black,,,,
Death doom,Gothic doom,,,
Thrash,Progressive,,,
Gothic,,,,
Heavy,,,,
Progressive,,,,
Power,,,,
Death,,,,
Death doom,Gothic,,,
Black,,,,
Blackened death,Death,,,
Thrash,,,,
Progressive,Avantgarde,,,
Sludge,,,,
Melodic death,,,,
Grindcore,,,,
Industrial,Alternative,,,
Power,,,,
Death,,,,
Progressive,Math,,,
Folk,,,,
Doom,Sludge,,,
Heavy,Power,,,
Death rock,Hard rock,Horror,Punk,
Speed,Thrash,,,
Symphonic black,Symphonic death,,,
Melodic death,,,,
Gothenburg,,,,
Progressive,Djent,,,
Power,,,,
Sludge,Grindcore,,,
Us power,,,,
Post-metal,Sludge,,,
Metalcore,Hardcore,,,
Atmospheric black,Shoegaze,,,
Gothic,,,,
Extreme progressive,Instrumental,,,
Neoclassical heavy,Speed,Thrash,,
Hard rock,,,,
Power,,,,
Heavy,,,,
Gothic,,,,
Thrash,,,,
Thrash,Groove thrash,,,
Brutal death,Black,,,
Doom,Stoner,,,
Blackened sludge,,,,
Death,,,,
Black,,,,
Atmospheric black,Folk,,,
Alternative,Avantgarde,,,
Doom,Gothic,,,
Technical death,Grindcore,,,
Speed,,,,
Funeral doom,,,,
Melodic death,Melodic black,Progressive death,Thrash,
Technical thrash,,,,
Symphonic black,Melodic death,,,
Sludge,,,,
Melodic progressive,,,,
Doom,Stoner,,,
Black,Pagan black,,,
Black,Post-metal,,,
Brutal death,,,,
Depressive black,,,,
Death,Sludge,,,
Doom,Thrash,Heavy,Progressive,
Doom,Stoner rock,,,
Thrash,,,,
Gothic doom,,,,
Thrash,Progressive,,,
Black,Gothic doom,,,
Folk,Black,,,
Doom,,,,
Industrial,J-rock,,,
Power,,,,
Death,,,,
Death,,,,
Heavy,Power,,,
Psychedelic black,,,,
Heavy,,,,
Brutal death,,,,
Death,Thrash,,,
Death,,,,
Doom,Gothic,,,
Black,Death,,,
Brutal death,,,,
Power,Progressive,,,
Death,Grindcore,Avantgarde,Progressive,
Brutal death,,,,
Death,Thrash,,,
Power,Thrash,,,
Death,Thrash,,,
Pagan folk,,,,
Progressive,,,,
Technical progressive,,,,
Avantgarde,Black,,,
Brutal death,Grindcore,,,
Death,Brutal death,Technical death,,
Technical death,Melodic death,,,
Gothenburg,Death,,,
Hard rock,Glam,,,
Melodic black,,,,
Grindcore,,,,
Symphonic progressive,,,,
Heavy,Industrial heavy,,,
Power,,,,
J-rock,Alternative,Power,,
Death,Black,Industrial black,Electronic,Metal
Doom,,,,
Thrash,,,,
Heavy,,,,
Viking folk,,,,
Progressive heavy,,,,
Technical death,Symphonic death,,,
Progressive,Power,,,
Thrash,Melodic heavy,Hard rock,,
Progressive,,,,
Death,,,,
Post-metal,Sludge,,,
Black,Doom,,,
Sludge,,,,
Psychedelic rock,,,,
Black,,,,
Progressive black,,,,
Hard rock,Glam,,,
Death,,,,
Industrial,Alternative,,,
Stoner,Doom,,,
Thrash,,,,
Heavy,Power,,,
Doom,,,,
Progressive death,,,,
Funeral doom,,,,
Folk,,,,
Death,Thrash,,,
Blackened folk,Melodic death,,,
Progressive metalcore,,,,
Death,Thrash,,,
Atmospheric black,Avantgarde,,,
Doom,Sludge,,,
Progressive thrash,Progressive death,,,
Avantgarde black,Blackened death,Suomi,,
Melodic death,,,,
Black,Thrash,,,
Metalcore,Groove thrash,,,
Gothic,,,,
Black,Doom,,,
Gothenburg,,,,
Symphonic black,,,,
Death doom,Gothic,,,
Industrial,,,,
Glam,Melodic heavy,Hard rock,,
Death,,,,
Black,Post-punk,,,
Black,,,,
Heavy,,,,
Black,,,,
Progressive black,,,,
Progressive,Power,,,
Melodic death,,,,
Thrash,,,,
Black,Folk,,,
Death,,,,
Thrash,,,,
Grindcore,Crust punk,,,
Thrash,Power,,,
Progressive,Djent,Instrumental,,
Doom,Folk,Progressive,,
Hard rock,,,,
Extreme progressive,Industrial,,,
Death,Deathcore,,,
Symphonic power,,,,
Technical death,,,,
Death,,,,
Progressive death,,,,
Heavy,,,,
Power,,,,
Technical death,Brutal death,,,
Doom,Neoclassical power,,,
Death,Doom,Stoner,,
Groove thrash,,,,
Progressive power,,,,
Doom,,,,
Doom,Sludge,,,
Brutal death,Grindcore,,,
Thrash,Metalcore,,,
Grindcore,,,,
Heavy,Hard rock,,,
Psychedelic stoner,,,,
Symphonic power,,,,
Black,,,,
Power,Progressive,,,
Symphonic,,,,
Blackened death,Doom,Gothic death,,
Alternative,Progressive,Post-metal,,
Progressive,,,,
Brutal death,,,,
Post-metal,Black,,,
Speed,Thrash,,,
Melodic death,Gothic,,,
Power,Symphonic,,,
Doom,Sludge,,,
Progressive,,,,
Heavy,Power,,,
Drone doom,,,,
Progressive death,,,,
Black,,,,
Brutal death,,,,
Gothic,,,,
Gothic folk,,,,
Death,Thrash,,,
Melodic progressive,,,,
Hard rock,,,,
Grindcore,,,,
Alternative rock,Sludge,Alternative,Noise,
Black,Death,,,
Post-metal,Sludge,,,
Progressive,Avantgarde,,,
Funeral doom,,,,
Heavy,,,,
Heavy,Doom,,,
Thrash,,,,
Power,,,,
Thrash,Funk rock,,,
Sludge,Hardcore,Blackened sludge,Punk,
Black,,,,
Funeral doom,Doom,,,
Progressive math,Djent,,,
Atmospheric black,Doom,Ambient,Folk,
Alternative,Neofolk,,,
Melodic black,Post-metal,,,
Melodic death,Symphonic,,,
Progressive death,Technical death,,,
Death,,,,
Death,,,,
Black,,,,
Progressive,,,,
Heavy,Country,,,
Death,,,,
Us power,Heavy,,,
Stoner,,,,
Gothic,,,,
Symphonic gothic,,,,
Atmospheric progressive,,,,
Epic doom,,,,
Heavy,,,,
Power,,,,
Medieval folk,,,,
Melodic death,Symphonic,Djent,,
Deathgrind,,,,
Doom,,,,
Atmospheric doom,,,,
Gothenburg,,,,
Gothic,Gothic rock,,,
Stoner,Doom,,,
Progressive death,Gothic,,,
Progressive death,,,,
Black,,,,
Technical death,,,,
Death,Grindcore,,,
Heavy,,,,
Heavy,Power,,,
Folk,,,,
Avantgarde,Symphonic,,,
Black,Doom,,,
Melodic death,Death,,,
Doom,,,,
Post-metal,Sludge,Crust punk,,
Progressive black,Symphonic black,,,
Power,,,,
Black,,,,
Post-metal,Doom,,,
Black,,,,
Power,,,,
Progressive,Power,,,
Symphonic power,,,,
Funeral doom,,,,
Blackened death,Pagan black,,,
Power,Progressive,,,
Hardcore,Metalcore,,,
Hard rock,Glam,,,
Death,,,,
Melodic death,,,,
Black,,,,
Post-metal,,,,
Melodic death,,,,
Gothic doom,Death doom,,,
Power,Thrash,,,
Doom,,,,
Symphonic black,Death,,,
Gothic,Symphonic,,,
Symphonic black,,,,
Death,Grindcore,,,
Death,,,,
Blackened death,Grindcore,,,
Funeral doom,,,,
Heavy,,,,
Us power,Thrash,,,
Black,,,,
Progressive death,Technical death,,,
Symphonic power,,,,
Nu thrash,,,,
Death doom,,,,
Folk,,,,
Symphonic black,,,,
Avantgarde,Gothic,,,
Heavy,,,,
Gothic,,,,
Melodic black,,,,
Thrash,,,,
Deathcore,,,,
Brutal death,,,,
Grindcore,Hardcore,Punk,,
Heavy,,,,
Grindcore,,,,
Melodic black,Symphonic black,,,
Experimental industrial,Avantgarde,,,
Nu,Djent,Rap,,
Heavy,Power,,,
Symphonic power,,,,
Thrash,Speed,,,
Blackened thrash,,,,
Sludge,Noise rock,Post-hardcore,,
Hard rock,,,,
Heavy,Power,,,
Thrash,Us power,,,
Black,,,,
Nu,,,,
Death doom,,,,
Speed,Technical thrash,,,
Doom,Gothic doom,,,
Symphonic power,J-rock,,,
Melodic death,Thrash,,,
Grindcore,,,,
Gothic,Progressive rock,,,
Symphonic,Alternative,,,
Thrash,,,,
Power,,,,
Sludge,Doom,,,
Alternative,,,,
Crust punk,D-beat,,,
Death,,,,
Black,,,,
Symphonic,Ambient,Neoclassical,,
Melodic black,,,,
Drone doom,Doom,Sludge,,
Gothic doom,Death doom,,,
Folk,,,,
Pagan black,,,,
Technical death,,,,
Black,,,,
Black,Death,,,
Symphonic black,,,,
Death 'n' roll,,,,
Doom,,,,
Deathgrind,,,,
Neoclassical power,,,,
Black,,,,
Brutal death,,,,
Heavy,,,,
Death,,,,
Brutal death,,,,
Melodic death,,,,
Brutal death,,,,
Heavy,Us power,,,
Speed,,,,
Experimental black,,,,
Heavy,Power,Progressive,,
Black,,,,
Glam,,,,
Death,,,,
Death,Thrash,,,
Black,,,,
Progressive,Progressive power,,,
Thrash,,,,
Speed,Heavy,Thrash,,
Doom,Stoner,,,
Funeral doom,,,,
Thrash,,,,
Progressive thrash,,,,
Heavy,Crust punk,,,
Experimental black,Ambient noise,,,
Thrash,Melodic death,,,
Progressive,,,,
Melodic death,,,,
Doom,Hard rock,,,
Black,Grindcore,Metalcore,,
Doom,,,,
Technical death,,,,
Thrash,,,,
Us power,,,,
Death,Thrash,Grindcore,,
Melodic death,Thrash,,,
Black,,,,
Djent,Progressive,Progressive rock,,
Black,,,,
Death,,,,
Death,,,,
Avantgarde black,,,,
Extreme symphonic,,,,
Power,Symphonic,,,
Crust punk,,,,
Progressive,Jazz fusion,,,
Black,Crust punk,,,
Heavy,Power,,,
Death,Thrash,,,
Depressive black,Doom,,,
Death doom,,,,
Progressive power,,,,
Progressive math,,,,
Gothic,,,,
Symphonic black,Death,,,
Gothic,Symphonic,,,
Speed,,,,
Deathcore,,,,
Melodic death,Folk,,,
Thrash,,,,
Death,,,,
Thrash,Heavy,,,
Gothic,Symphonic,,,
Progressive,,,,
Atmospheric black,Post-metal,,,
Power,,,,
Experimental black,,,,
Atmospheric black,,,,
Death,Atmospheric doom,,,
Psychedelic doom,Drone,,,
Melodic black,,,,
Progressive,,,,
Black,Doom,Sludge,,
Black,Doom,,,
Epic doom,,,,
Pagan folk,,,,
Stoner rock,Doom,Stoner,,
Progressive,Stoner,,,
Death,,,,
Black,,,,
Black,Doom,,,
Progressive,,,,
Black,Celtic folk,,,
Power,,,,
Death,,,,
Hardcore,Metalcore,,,
Thrash,,,,
Melodic death,Thrash,,,
Brutal death,,,,
Black,,,,
Celtic black,Pagan black,,,
Progressive,,,,
Brutal death,,,,
Black,Doom,,,
Melodic heavy,,,,
Gothic,Death doom,,,
Brutal death,Technical death,,,
Atmospheric black,Folk,,,
Doom,Heavy,,,
Progressive,,,,
Black,,,,
Black,,,,
Power,,,,
Folk,,,,
Melodic death,Pagan black,,,
Gothic,,,,
Melodic death,,,,
New wave of british heavy,Heavy,,,
Doom,Gothic,,,
Symphonic progressive,,,,
Power,Symphonic,Heavy,Progressive,
Sludge,Drone doom,,,
Grindcore,,,,
Depressive black,,,,
Progressive,Progressive rock,,,
Technical death,Technical thrash,,,
Death,Doom,,,
Technical grindcore,,,,
Thrash,,,,
Gothic doom,,,,
Pagan folk,,,,
Death,,,,
Melodic power,Gothic,,,
Atmospheric doom,,,,
Experimental death,Progressive death,,,
Death,,,,
Symphonic,,,,
Black,,,,
Industrial,Comedy rock,,,
Us power,Progressive,,,
Death,Grindcore,,,
Death,,,,
Symphonic folk,,,,
Symphonic,,,,
Heavy,Progressive rock,,,
Symphonic black,Extreme power,,,
Power,,,,
Black,Thrash,,,
Symphonic power,,,,
Thrash,Brutal death,,,
Black,Death,,,
Progressive,Power,,,
Us heavy,Power,,,
Grindcore,,,,
Heavy,,,,
Heavy,,,,
Black,,,,
Progressive death,,,,
Brutal death,,,,
Psychedelic sludge,Drone,,,
Pagan black,,,,
Heavy,Power,,,
Symphonic power,,,,
Post-rock,Post-metal,,,
Technical death,,,,
Progressive,,,,
Industrial thrash,Avantgarde,,,
Death,,,,
Avantgarde,Black,,,
Gothic,Metalcore,,,
Doom,Sludge,Hardcore,Black,
Technical thrash,,,,
Melodic death,Progressive,,,
Power,,,,
Death doom,Neoclassical,,,
Melodic death,Extreme folk,,,
Metalcore,,,,
Viking folk,,,,
Avantgarde,Depressive black,,,
Death,,,,
Death,,,,
Hard rock,Heavy,,,
Metalcore,Hardcore,,,
Viking black,,,,
Heavy,,,,
Death,Thrash,,,
Melodic death,,,,
Melodic black,,,,
Symphonic power,,,,
Doom,Death,,,
Alternative,,,,
Post-metal,Sludge,,,
Melodic metalcore,,,,
Heavy,Power,,,
Doom,,,,
Death,,,,
Hard rock,Heavy,Power,,
Viking black,,,,
Pagan folk,Black,,,
Melodic heavy,Hard rock,,,
New wave of british heavy,Heavy,,,
Brutal death,,,,
Pagan black,,,,
Blackened doom,,,,
Gothic,Black,,,
Progressive,,,,
Black,,,,
Grindcore,Hardcore,Punk,,
Ambient black,Shoegaze,Drone doom,,Post-rock
Death,Thrash,,,
Symphonic black,,,,
Math,Metalcore,,,
Heavy,Power,,,
Black,,,,
Power,,,,
Heavy,,,,
Funeral doom,,,,
Industrial,,,,
Melodic death,,,,
Gothic doom,,,,
Blackened death,,,,
Melodic power,,,,
Power,,,,
Heavy,Power,Folk,,
Melodic death,,,,
Progressive power,,,,
Black,Death,,,
Thrash,,,,
Black,,,,
Power,Speed,,,
Heavy,,,,
Brutal death,,,,
Progressive,Post-rock,,,
Doom,,,,
Melodic black,,,,
Pagan black,,,,
Heavy,Us power,,,
Melodic death,,,,
Black,,,,
Death,,,,
Gothenburg,Progressive,,,
Atmospheric black,,,,
Black,,,,
Stoner,,,,
Brutal death,,,,
Brutal death,,,,
Grindcore,,,,
Ambient black,Doom,,,
Metalcore,,,,
Black,Post-metal,Crust punk,,
Heavy,Power,,,
Melodic heavy,,,,
Progressive hard rock,,,,
Death,,,,
Sludge,,,,
Power,,,,
Math,Metalcore,,,
Black,Doom,,,
Us power,,,,
Death,,,,
Thrash,,,,
Death,,,,
Grindcore,,,,
Nu,,,,
Death,,,,
Gothenburg,,,,
Progressive,,,,
Melodic death,,,,
Melodic black,Death,Thrash,,
Atmospheric black,,,,
Hard rock,Power,,,
Groove thrash,,,,
Black,,,,
Death,,,,
Melodic death,,,,
Death,,,,
Death,,,,
Gothic,,,,
Brutal death,Grindcore,,,
Doom,Psychedelic rock,,,
Black,,,,
Power,,,,
Melodic death,,,,
Sludge,,,,
Progressive power,,,,
Melodic death,,,,
Progressive,Symphonic,,,
Symphonic death,,,,
Doom,Sludge,,,
Thrash,,,,
Pagan folk,,,,
Death,,,,
Black,,,,
Atmospheric black,,,,
Grindcore,,,,
Death,Heavy,,,
Industrial folk,,,,
Progressive death,Technical death,,,
Viking folk,,,,
Atmospheric gothic,Pagan folk,,,
Extreme progressive,,,,
Black,,,,
Doom,Blackened sludge,,,
Groove thrash,,,,
Black,,,,
Black,,,,
Black,,,,
Black,Thrash,Technical thrash,,
Death,,,,
Atmospheric black,Post-metal,,,
Doom,Sludge,,,
Heavy,,,,
Progressive,,,,
Death,,,,
Post-metal,Progressive,,,
Death,,,,
Gothic,,,,
Death,Grindcore,,,
Heavy,Us power,,,
Heavy,New wave of british heavy,,,
Death,Thrash,,,
Black,Speed,,,
Depressive black,,,,
Melodic power,,,,
Psychedelic doom,,,,
Black,,,,
Hard rock,Heavy,,,
Speed,Power,,,
Death,Gothic,,,
Depressive black,Atmospheric black,,,
Melodic death,,,,
Melodic death,,,,
Stoner,Sludge,,,
Heavy,,,,
Death,Grindcore,Sludge,,
Post-metal,Sludge,,,
Atmospheric black,Post-metal,,,
Melodic death,Thrash,,,
Depressive heavy,,,,
Depressive black,,,,
Black,Folk,,,
Black,Folk,,,
Black,Trip-Hop,,Ambient,
Folk,Pagan black,,,
Atmospheric black,Psychedelic rock,,,
Black,,,,
Technical death,,,,
Doom,,,,
Black,Folk,,,
Us power,,,,
Black,,,,
Technical death,,,,
Heavy,,,,
Industrial,,,,
Black,,,,
Avantgarde black,Death,,,
Black,Death,Thrash,,
Stoner,,,,
Thrash,,,,
Power,,,,
Sludge,Hardcore,,,
Gothic,Gothic rock,,,
Symphonic gothic,,,,
Progressive instrumental,,,,
Death,Doom,,,
Symphonic power,,,,
Death,,,,
Death,,,,
Power,Doom,,,
Heavy,Power,,,
Avantgarde black,Death,,,
Death,,,,
Heavy,,,,
Death,,,,
Black,Neofolk,,,
Blackened sludge,,,,
Black,Death,,,
Death,Doom,,,
Doom,Gothic,,,
Funeral doom,,,,
Doom,,,,
Extreme progressive,,,,
Progressive symphonic,,,,
Industrial black,,,,
Progressive,Metalcore,,,
Depressive black,,,,
Hard rock,Progressive rock,,,
Experimental folk,,,,
Heavy,Power,,,
Progressive,,,,
Death,,,,
Atmospheric black,,,,
Black,,,,
Gothic,,,,
Black,Symphonic folk,Celtic death,,
Melodic power,Folk,,,
Brutal death,Deathcore,,,
Alternative,,,,
Gothic,,,,
Experimental death,Cybergrind,,,
Folk,,,,
Heavy,Doom,,,
Doom,,,,
Gothenburg,,,,
Industrial,Post-metal,Progressive,,
Extreme avantgarde,,,,
Technical death,,,,
Technical deathcore,,,,
Death,,,,
Doom,Heavy,,,
Melodic thrash,,,,
Death doom,Stoner,,,
Melodic black,,,,
Doom,,,,
Depressive black,,,,
Symphonic black,Thrash,,,
Power,,,,
Melodic black,Doom,,,
Symphonic power,,,,
Speed,Thrash,,,
Thrash,Blackened death,,,
Industrial doom,Drone,,,
Industrial death,Drone,,,
Melodic black,Progressive black,,,
Black,,,,
Progressive,,,,
Atmospheric black,Progressive black,,,
Doom,,,,
Industrial black,,,,
Black,Death,,,
Doom,,,,
Progressive black,,,,
Death,,,,
Melodic death,,,,
Heavy,Power,,,
Thrash,Death,,,
Doom,Sludge,,,
Black,,,,
Technical death,Progressive,Instrumental,,
Progressive,,,,
Brutal death,,,,
Death,Grindcore,,,
Gothic,,,,
Black,,,,
Death,,,,
Speed,Thrash,,,
Progressive,,,,
Death,Deathcore,,,
Black,,,,
Extreme gothic,Melodic death,Black,Thrash,
Thrash,Death,,,
Gothic doom,,,,
Death,,,,
Black,Doom,,,
Black,Post-metal,Hardcore,,
Black,Death,,,
Extreme progressive,,,,
Death,,,,
Progressive sludge,,,,
Death doom,Gothic doom,Progressive doom,,
Suomi,,,,
Death,,,,
Death,Black,Technical black,,
Symphonic power,,,,
Progressive heavy,,,,
Depressive black,,,,
Progressive,,,,
Death,,,,
Funeral doom,,,,
Black,,,,
Power,,,,
Industrial,Gothic,,,
Progressive,,,,
Hardcore,Metalcore,Punk,,
Death doom,,,,
Death doom,Melodic death,,,
Black,,,,
Black,Death,,,
Black,,,,
Melodic death,Doom,,,
Psychedelic doom,Stoner,,,
Progressive,Power,,,
Brutal death,,,,
Depressive black,,,,
Black,Death,,,
Gothic,Suomi,,,
Heavy,,,,
Symphonic power,,,,
Death,,,,
Heavy,,,,
Black,,,,
Melodic death,Progressive,,,
Black,,,,
Progressive doom,,,,
Melodic death,Thrash,Brutal death,,
Sludge,,,,
Black,,,,
Thrash,,,,
Doom,Sludge,,,
Sludge,Stoner,,,
Brutal death,Technical death,,,
Death,Thrash,,,
Power,,,,
Progressive thrash,Technical death,,,
Progressive,,,,
Brutal death,Grindcore,,,
Death,,,,
Symphonic power,,,,
Brutal death,,,,
Glam,Heavy,,,
Black,,,,
Death,,,,
Brutal death,Technical death,,,
Us power,,,,
Heavy,,,,
Nu,Alternative rock,,,
Death,,,,
Death,Symphonic,,,
Depressive black,,,,
Heavy,Power,,,
Progressive,Instrumental,,,
Black,,,,
Progressive,Instrumental,,,
Black,,,,
New wave of british heavy,Heavy,,,
Black,,,,
Black,,,,
Death doom,Gothic,,,
Atmospheric black,,,,
Heavy,Glam,,,
Industrial death,,,,
Atmospheric black,Depressive black,,,
Doom,Sludge,,,
Gothic,Progressive,,,
Power,,,,
Death,,,,
Atmospheric black,,,,
Black,,,,
Progressive thrash,,,,
Symphonic power,,,,
Us power,,,,
Brutal death,Technical death,,,
Power,Thrash,,,
Black,,,,
Symphonic power,,,,
Extreme progressive,,,,
Black,,,,
Progressive death,,,,
Doom,Black,,,
Nu,,,,
Black,Thrash,,,
Technical death,Brutal death,,,
Thrash,Progressive,Heavy,Us power,
Progressive power,,,,
Sludge,,,,
Heavy,Extreme power,Power,,
Heavy,Us power,,,
Black,,,,
Blackened death,Thrash,,,
Ambient,Doom,Electronica,Experimental,Industrial
Death,Doom,,,
Doom,,,,
Atmospheric black,,,,
Doom,,,,
Melodic death,,,,
Atmospheric black,,,,
Death doom,Gothic,,,
Death,,,,
Stoner,Doom,,,
Melodic death,Metalcore,,,
Symphonic,,,,
Black,,,,
New wave of british heavy,Heavy,,,
Heavy,Melodic death,,,
Doom,,,,
Atmospheric black,,,,
Symphonic death,Doom,Death,,
Melodic death,Thrash,,,
Black,Post-metal,,,
Hard rock,,,,
Black,,,,
Melodic death,Thrash,,,
Death,,,,
Blackened sludge,Hardcore,,,
Heavy,,,,
Death,,,,
Gothic doom,Folk,,,
Black,Death,,,
Nu,Industrial,,,
Pagan black,Celtic folk,,,
Sludge,,,,
Punk rock,Death doom,,,
Black,,,,
Death,Groove thrash,Sludge,Stoner,
Gothic,,,,
Death,Blackened thrash,,,
Heavy,,,,
Death,,,,
Black,,,,
Blackened doom,Folk,,,
Black,Doom,,,
Pagan black,,,,
Doom,Stoner,,,
Death,Gothic doom,,,
Black,,,,
Doom,,,,
Death,Funeral doom,,,
Deathgrind,,,,
Progressive,Djent,Instrumental,,
Heavy,,,,
Doom,Stoner,,,
Heavy,,,,
Black,,,,
Atmospheric black,,,,
Ambient black,,,,
Thrash,,,,
Melodic death,Doom,,,
Doom,Sludge,,,
Heavy,Alternative,,,
Atmospheric black,Instrumental,,,,
Technical progressive,Instrumental,Shred,,
Blackened grindcore,,,,
Technical death,,,,
Atmospheric black,Ambient,,,
Black,Folk,,,
Death,Thrash,,,
Grindcore,,,,
Melodic black,Pagan black,,,
Progressive,Symphonic,,,
Atmospheric black,,,,
Heavy,,,,
Alternative,Progressive,,,
Atmospheric doom,Symphonic doom,Atmospheric progressive,,
Gothic,Folk,,,
Thrash,Death,,,
Death doom,,,,
Symphonic,Gothic,,,
Black,Thrash,,,
Heavy,Power,,,
Ambient black,,,,
New wave of british heavy,Heavy,,,
Black,,,,
Blackened death,,,,
Black,,,,
Melodic death,,,,
Drone doom,Sludge,,,
Post-metal,Sludge,Hardcore,,
Brutal death,Technical death,,,
Death,,,,
Progressive,,,,
Melodic death,,,,
Pagan folk,,,,
Alternative,Gothic,,,
Death,,,,
Melodic heavy,Progressive,,,
Hardcore,Metalcore,Punk,,
Grindcore,,,,
Black,Thrash,,,
Power,Viking folk,,,
Melodic death,,,,
Industrial black,,,,
Power,,,,
Death,,,,
Industrial black,,,,
Doom,Blackened sludge,,,
Black,,,,
Gothic doom,,,,
Heavy,Power,,,
Death doom,,,,
Death,,,,
Black,Acoustic folk,Neofolk,,
Technical death,,,,
Black,Atmospheric doom,,,
Us power,,,,
Hardcore,Noise,,,
Death,,,,
Progressive,,,,
Melodic death,,,,
Brutal death,,,,
Black,,,,
Folk,Speed,,,
Depressive black,Atmospheric black,,,
Folk,,,,
Black,,,,
Heavy,,,,
Doom,,,,
Death,Thrash,Progressive death,,
Thrash,,,,
Death,,,,
Heavy,,,,
Doom,Stoner,,,
Heavy,,,,
Melodic heavy,,,,
Alternative,,,,
Black,,,,
Power,,,,
Atmospheric doom,Drone,,,
Power,,,,
Heavy,Power,,,
Experimental progressive,,,,
Symphonic,,,,
Gothic,,,,
Symphonic,,,,
Power,,,,
Progressive thrash,,,,
Symphonic,,,,
Melodic black,,,,
Death,,,,
Doom,,,,
Grindcore,,,,
Black,,,,
Melodic death,Thrash,,,
Doom,Sludge,Stoner,,
Heavy,Power,,,
Funeral doom,,,,
Progressive metalcore,Djent,,,
Black,,,,
Metalcore,,,,
Experimental black,Funeral doom,,,
Heavy,Power,,,
Black,,,,
Black,Sludge,Hardcore,,
Black,,,,
Progressive,,,,
Folk,,,,
Technical death,Melodic deathcore,,,
Atmospheric doom,,,,
Death,,,,
Black,,,,
Black,Death,,,
Doom,Sludge,Stoner,,
Progressive,,,,
Pagan folk,Viking folk,,,
Brutal death,,,,
Medieval folk,,,,
Death,Thrash,,,
Gothenburg,Metalcore,,,
Heavy,Symphonic power,,,
Alternative,,,,
Atmospheric black,,,,
Melodic black,,,,
Noise rock,Hardcore,,,
Progressive thrash,,,,
Speed,,,,
Deathcore,,,,
Melodic death,Thrash,,,
Black,,,,
Sludge,,,,
Death,,,,
Black,,,,
Progressive doom,Stoner,,,
Power,,,,
Extreme gothic,,,,
Metalcore,Deathcore,,,
Sludge,,,,
Gothic doom,,,,
Pagan black,,,,
Thrash,Power,,,
Post-metal,Sludge,Noise rock,,
Avantgarde,Progressive black,,,
Stoner,Doom,,,
Grindcore,,,,
Alternative,Industrial,,,
Extreme progressive,,,,
Death,,,,
Heavy,Power,,,
Melodic death,Gothic,Symphonic,,
Avantgarde black,,,,
Folk,,,,
Black,,,,
Blackened doom,Avantgarde doom,,,
Alternative,Trip-Hop,,,
Black,,,,
Black,,,,
Death doom,,,,
Death,,,,
Black,,,,
Pagan black,Symphonic black,,,
Progressive math,,,,
Death,Thrash,,,
Death,,,,
Power,,,,
Black,,,,
Heavy,,,,
Heavy,,,,
Heavy,,,,
Death,Brutal death,Grindcore,,
New wave of british heavy,Heavy,,,
Progressive black,Thrash,,,
Black,Thrash,,,
Doom,,,,
Groove thrash,,,,
Melodic death,,,,
Melodic death,,,,
Death,Gothic doom,Alternative rock,Punk rock,
Hard rock,Heavy,,,
New wave of british heavy,Heavy,,,
Industrial black,Melodic black,,,
Power,Progressive,,,
Heavy,Speed,,,
Heavy,,,,
Death,Thrash,Crossover thrash,,
Thrash,Death,,,
Symphonic power,Gothic,,,
Symphonic black,,,,
Progressive,Avantgarde,,,
Death,,,,
Alternative,Hard rock,,,
Death,,,,
Progressive,Power,,,
Thrash,,,,
Us power,Thrash,,,
Sludge,Hard rock,,,
Post-metal,Progressive rock,,,
Heavy,Speed,,,
Gothic,Gothic rock,,,
Hard rock,Blues rock,,,
Thrash,,,,
Death,,,,
Black,,,,
Goregrind,,,,
Symphonic power,Symphonic gothic,,,
Power,,,,
Progressive,Progressive rock,,,
Heavy,,,,
Symphonic black,,,,
Symphonic,,,,
,Post-rock,Post-metal,,
Grindcore,,,,
Black,,,,
Black,,,,
Grindcore,,,,
Melodic death,,,,
Post-metal,,,,
Progressive death,Technical death,,,
Thrash,,,,
Black,,,,
Progressive,,,,
Black,Sludge,Hardcore,,
Pagan black,,,,
Pagan black,Folk,,,
Industrial death,,,,
Death,,,,
Blackened death,,,,
Gothic,,,,
Death doom,,,,
Doom,Heavy,,,
Shoegaze,,,,
Brutal death,,,,
Heavy,,,,
Industrial,Death,,,
Avantgarde doom,Drone,,,
Grindcore,Hardcore,Punk,,
Metalcore,Melodic death,,,
Gothic doom,,,,
Progressive,,,,
Power,Progressive,,,
Glam,Heavy,Hard rock,,
Black,,,,
Melodic black,,,,
Death,,,,
Death,Hardcore,,,
Blackened death,,,,
Grindcore,Death 'n' roll,,,Hard rock
Folk,,,,
Post-metal,Hardcore,,,
Industrial black,,,,
Thrash,,,,
Alternative,Funk rock,Crossover thrash,,
Black,Post-metal,Hardcore,,
Djent,,,,
Black,,,,
Grindcore,Death,,,
Doom,Black,,,
Symphonic black,Gothic,Electro industrial,,
Melodic black,,,,
Atmospheric black,Depressive black,,,
Death,Thrash,Progressive,,
Gothic,Melodic progressive,,,
Death,,,,
Black,,,,
Black,Death,,,
Black,Progressive black,Extreme progressive,,
Funeral doom,,,,
Doom,,,,
Psychedelic doom,Sludge,Stoner,,
Metalcore,,,,
Black,,,,
Progressive power,,,,
Symphonic folk,,,,
Black,Crust punk,,,
Avantgarde black,,,,
Power,Progressive power,,,
Speed,Heavy,,,
Progressive death,Technical death,,,
Progressive,,,,
Black,,,,
Progressive power,,,,
Symphonic deathcore,,,,
Progressive,Djent,,,
Industrial black,,,,
Hard rock,,,,
Thrash,Speed,,,
New wave of british heavy,,,,
Grindcore,,,,
Progressive sludge,Doom,,,
Doom,Sludge,Stoner,,
Doom,,,,
Drone doom,Sludge,,,
Thrash,,,,
Black,,,,
Death,Grindcore,,,
Symphonic power,,,,
Melodic death,Melodic black,,,
Black,,,,
Technical death,Thrash,,,
Death,Black,,,
Doom,,,,
Industrial,,,,
Heavy,,,,
Melodic death,Technical death,Deathcore,,
Melodic death,,,,
Progressive death,,,,
Grindcore,,,,
Black,Sludge,Hardcore,,
Power,,,,
Power,,,,
Experimental black,Noise,,,
Black,,,,
Folk,,,,
Black,,,,
Melodic metalcore,,,,
Thrash,,,,
Gothic,,,,
Black,,,,
Doom,,,,
Post-metal,,,,
Black,Post-metal,,,
Grindcore,,,,
Death,,,,
Thrash,,,,
Death,Doom,,,
Death doom,,,,
New wave of british heavy,Heavy,,,
Death,,,,
Death doom,Gothic doom,,,
Melodic death,Technical thrash,,,
Electronic symphonic,,,,
Death,,,,
Hard rock,,,,
Technical death,,,,
Heavy,Hard rock,Melodic power,,
Melodic power,,,,
Black,,,,
Folk,,,,
Gothic,,,,
Gothic doom,,,,
Progressive,,,,
Symphonic progressive,,,,
Power,,,,
Black,,,,
Atmospheric death,,,,
Melodic hard rock,,,,
Black,,,,
Thrash,,,,
Grindcore,,,,
Death,,,,
Technical death,,,,
Atmospheric black,Post-metal,,,
Death doom,,,,
Hard rock,,,,
Symphonic,Gothic,,,
Deathgrind,,,,
Symphonic black,Industrial black,,,
Folk,Melodic black,,,
Gothic doom,,,,
Gothic rock,Gothic,,,
Black,,,,
Crossover thrash,,,,
Progressive,,,,
Hard rock,,,,
Melodic black,,,,
Melodic death,Metalcore,,,
Symphonic,Gothic,,,
Death,,,,
Doom,,,,
Atmospheric black,,,,
Black,Death,,,
Thrash,,,,
Blackened death,Black,,,
Black,,,,
Folk,Rock,,,
Industrial,Experimental black,,,
Thrash,,,,
Heavy,,,,
Black,Hardcore,,,
Doom,Stoner,Psychedelic rock,,
Hard rock,Heavy,,,
Death,,,,
Death,,,,
Progressive thrash,,,,
Melodic black,,,,
Hard rock,Pop rock,Blues rock,,
Hardcore,Metalcore,,,
Metalcore,Melodic death,Death,,
Progressive black,,,,
Symphonic black,,,,
Doom,,,,
Melodic power,,,,
Power,,,,
Industrial,Groove thrash,,,
Sludge,,,,
Metalcore,,,,
Death,,,,
Atmospheric black,,,,
Black,Funeral doom,Atmospheric doom,,
Heavy,,,,
Power,Thrash,,,
Gothic doom,,,,
Heavy,Power,,,
Heavy,Power,,,
Black,,,,
Death,,,,
Melodic power,Folk,,,
Atmospheric black,Doom,,,
Hard rock,Heavy,Doom,,
Thrash,,,,
Death doom,Progressive,,,
Speed,Thrash,,,
Progressive heavy,,,,
Blackened death,,,,
Progressive,Gothic,,,
Black,,,,
Black,Death,Thrash,,
Progressive,Hard rock,,,
Black,,,,
Doom,Sludge,,,
Progressive,,,,
Gothic,Death,,,
Black,Death,,,
Melodic death,Progressive,,,
Doom,Psychedelic rock,,,
Us power,Progressive,,,
Black,,,,
Ambient black,Drone,,,
Atmospheric black,,,,
Melodic death,,,,
Doom,,,,
Death,Industrial,,,
Grindcore,,,,
Drone doom,Sludge,,,
Doom,Sludge,,,
Doom,Sludge,Stoner,,
Metalcore,,,,
Heavy,Hard rock,,,
Thrash,Speed,,,
Extreme progressive,,,,
Doom,,,,
Doom,Sludge,Stoner,,
Heavy,,,,
Progressive death,,,,
Grindcore,,,,
Progressive rock,Progressive,,,
Power,Thrash,,,
Sludge,,,,
Blackened sludge,,,,
Doom,,,,
Heavy,,,,
Black,Death,,,
Progressive black,,,,
Heavy,Alternative,,,
Progressive,Fusion,,,
Atmospheric black,Melodic black,,,
Thrash,,,,
Brutal death,,,,
Melodic death,Grindcore,,,
Brutal death,,,,
Symphonic power,,,,
Progressive,,,,
Hard rock,,,,
Progressive death,Thrash,,,
Death,,,,
Sludge,Stoner,,,
Heavy,,,,
Death doom,Gothic doom,,,
Doom,Stoner,,,
Death,Death 'n' roll,,,
Doom,Stoner,,,
Black,Death,,,
Gothic,,,,
Black,,,,
Black,Post-rock,,,
Gothic,Death doom,,,
Progressive,,,,
Funeral doom,,,,
Hard rock,Suomi,,,
Death,,,,
Power,Thrash,,,
Doom,Melodic death,,,
Doom,Stoner,,,
Power,,,,
Black,Death,,,
Stoner,,,,
Progressive,,,,
Heavy,Doom,,,
Death,,,,
Folk,Post-metal,,,
Black,,,,
Black,Death,,,
Death,,,,
Atmospheric black,Post-rock,,,
Progressive,,,,
Progressive,,,,
Black,Death,,,
Heavy,Power,Thrash,,
Death,Thrash,Industrial,,
Melodic deathcore,,,,
Black,Death,,,
Hard rock,Heavy,,,
Black,Death,,,
Heavy,Power,,,
Black,,,,
Progressive,Symphonic,Power,,
Atmospheric folk,Symphonic,,,
Black,,,,
Melodic black,,,,
Doom,Sludge,,,
Doom,,,,
Progressive,,,,
Death,,,,
Doom,,,,
Death,Thrash,,,
Melodic death,Djent,,,
Death,,,,
Industrial,,,,
Death,Black,,,
Heavy,,,,
Death,,,,
Death,,,,
Black,,,,
Progressive metalcore,Progressive,,,
Groove thrash,,,,
Funeral doom,,,,
Grindcore,,,,
Black,,,,
Blackened hardcore,Crust punk,,,
Grindcore,,,,
Melodic death,Thrash,,,
Stoner,,,,
Progressive rock,Progressive,,,
Doom,,,,
Death,Sludge,,,
Black,,,,
Blackened doom,,,,
Progressive doom,Death,,,
Black,Doom,,,
Heavy,Power,,,
Progressive power,,,,
Metalcore,,,,
Doom,Heavy,,,
Death,,,,
Death,,,,
Melodic death,,,,
Progressive power,Progressive heavy,,,
Progressive,,,,
Death,,,,
Black,Death,,,
Heavy,,,,
Progressive rock,Progressive,,,
Sludge,Doom,,,
Black,,,,
Doom,Stoner,,,
Avantgarde,Progressive,,,
Atmospheric sludge,,,,
Funeral doom,,,,
Heavy,,,,
Black,,,,
Thrash,,,,
Death doom,,,,
Atmospheric black,,,,
Heavy,,,,
Technical death,Deathcore,Post-metal,Hardcore,
Heavy,,,,
Grindcore,,,,
Black,Folk,,,
Death,,,,
Death 'n' roll,,,,
Black,,,,
Alternative,,,,
Heavy,Power,,,
Melodic death,Brutal death,,,
Industrial,Symphonic,,,
Melodic death,,,,
Black,Funeral doom,,,
Stoner,,,,
Death,,,,
Black,Doom,Sludge,Crust punk,
Black,Gothic,,,
Heavy,,,,
Deathcore,Melodic hardcore,,,
Psychedelic hard rock,,,,
Heavy,,,,
Power,Thrash,,,
Atmospheric black,,,,
Black,,,,
Death,,,,
Black,,,,
Black,,,,
Death,,,,
Alternative,Hard rock,,,
Atmospheric black,Doom,,,
Death doom,,,,
Progressive,Doom,Hard rock,,
Power,Heavy,,,
Technical death,,,,
Math,Grindcore,,,
Melodic death,,,,
Brutal death,Grindcore,,,
Folk,,,,
Melodic black,,,,
Black,,,,
Heavy,,,,
Heavy,,,,
Black,,,,
Progressive,,,,
Progressive death,,,,
Black,,,,
Grindcore,,,,
Melodic heavy,,,,
Black,,,,
Celtic folk,,,,
Power,Symphonic,,,
Hard rock,,,,
Sludge,Death,,,
Brutal death,,,,
Gothic,Symphonic,Power,,
Doom,,,,
Heavy,Doom,,,
Drone doom,Industrial,,,
Black,Death,,,
Black,,,,
Heavy,Power,,,
Doom,Stoner,,,
Death,Grindcore,,,
Doom,,,,
Black,,,,
Brutal death,,,,
Pagan black,Folk,,,
Death,,,,
Black,,,,
Symphonic,Gothic,,,
Thrash,,,,
New wave of british heavy,Heavy,,,
Melodic death,Metalcore,,,
Black,Death,,,
Grindcore,,,,
Hardcore,,Post-hardcore,Punk,
Sludge,Alternative,,,
Brutal death,Black,,,
Black,Grindcore,,,
Death,Black,,,
Doom,,,,
Death,Thrash,,,
Extreme symphonic,,,,
Symphonic,,,,
Black,,,,
Industrial,,,,
Gothic doom,Death doom,,,
Technical death,Thrash,,,
Ambient,Experimental black,,,
Progressive power,,,,
Power,Progressive,Thrash,,
Grindcore,,,,
Deathgrind,,,,
Black,,,,
Us power,,,,
Thrash,,,,
Heavy,,,,
Grindcore,,,,
Doom,Heavy,,,
Grindcore,,,,
Grindcore,,,,
Power,Thrash,,,
Epic doom,,,,
Black,,,,
Heavy,,,,
Doom,,,,
Black,Doom,Sludge,,
Progressive,Power,,,
Hard rock,Heavy,,,
Symphonic black,Progressive,,,
Black,Funeral doom,Dark,Ambient,
Melodic death,Melodic black,,,
Grindcore,,,,
Hardcore,Black,Punk,,
Thrash,Heavy,,,
Groove metal,Hardcore,,,
Heavy,,,,
Melodic death,Gothic,,,
Progressive,,,,
Symphonic,,,,
Progressive black,Death,,,
Thrash,,,,
Avantgarde black,,,,
Heavy,,,,
Heavy,Gothic,,,
Black,Death,Doom,,
Gothic,Avantgarde black,,,
Symphonic black,,,,
Melodic power,,,,
Viking folk,,,,
Black,,,,
Experimental black,,,,
Power,,,,
Gothic doom,,,,
Progressive power,,,,
Progressive black,Progressive death,,,
Power,Speed,Thrash,,
Melodic heavy,,,,
Black,Thrash,,,
Heavy,,,,
Power,,,,
Black,,,,
Death,,,,
Black,,,,
Death,Thrash,Grindcore,,
Black,,,,
Death,,,,
Black,,,,
Thrash,,,,
Black,Death,,,
Heavy,,,,
Death doom,,,,
Folk,,,,
Grindcore,,,,
Death,,,,
Melodic metalcore,,,,
Power,,,,
Death,,,,
Thrash,Death,,,
Melodic black,,,,
Progressive death,Death,Thrash,,
Heavy,,,,
Black,,,,
Atmospheric black,Progressive black,,,
Progressive,Hardcore,Jazz fusion,,
Doom,Stoner,,,
Death doom,,,,
Black,Post-metal,Sludge,,
Metalcore,,,,
Post-metal,,,,
Heavy,,,,
Progressive,,,,
Drone doom,Ambient,Experimental,,
Gothic,,,,
Grindcore,,,,
Thrash,,,,
Brutal death,,,,
Gothic,,,,
Grindcore,,,,
Thrash,,,,
Death,,,,
Power,Thrash,,,
Black,Crust punk,,,
Death,,,,
Symphonic,,,,
Doom,Gothic,,,
Melodic black,Gothic,,,
Heavy,,,,
Black,,,,
Thrash,,,,
Melodic heavy,Hard rock,,,
Black,,,,
Black,Doom,,,
Death,,,,
Heavy,Power,Thrash,,
Experimental death,,,,
Progressive sludge,,,,
Black,Post-metal,,,
Doom,Psychedelic rock,,,
Heavy,Hard rock,,,
New wave of british heavy,,,Heavy,
Experimental progressive,,,,
Crossover thrash,Hardcore,Punk,,
Stoner rock,,,,
Grindcore,,,,
Gothic,,,,
Folk,,,,
Melodic hard rock,,,,
Progressive,,,,
Black,,,,
Death,Doom,,,
New wave of british heavy,Heavy,,,
Progressive rock,Symphonic rock,Fusion,Progressive,Instrumental
Heavy,,,,
Progressive,,,,
Gothic,Symphonic,,,
Technical death,,,,
Heavy,,,,
Atmospheric sludge,Stoner,Psychedelic rock,,
Black,Death,,,
Death,,,,
Atmospheric doom,Folk,,,
Gothic,Heavy,,,
Progressive,,,,
Gothic,,,,
Speed,Thrash,,,
Atmospheric black,Post-metal,Shoegaze,,
Black,Doom,,,
Gothic,Progressive,,,
Brutal death,,,,
Heavy,Glam,Glam rock,,
Death,,,,
Death,Thrash,Hardcore,,
Melodic death,,,,
Alternative,Progressive,,,
Progressive,,,,
Heavy,,,,
Black,Doom,,,
Doom,Heavy,Hard rock,,
Death,,,,
Post-metal,Sludge,,,
Black,Death,,,
Black,,,,
Black,,,,
Technical death,Grindcore,,,
Doom,,,,
Black,,,,
Progressive,,,,
Doom,Hard rock,,,
Alternative,Instrumental heavy,,,
Experimental death,,,,
Symphonic black,,,,
Hard rock,,,,
Metalcore,,,,
Black,,,,
Avantgarde,,,,
Thrash,Death,,,
Gothic,,,,
Black,,,,
Black,,,,
Black,,,,
Avantgarde,Grindcore,,,
Hard rock,Alternative,,,
Technical death,,,,
Black,Death,,,
Melodic death,,,,
Epic doom,Heavy,,,
Death,,,,
Power,,,,
Black,,,,
Black,,,,
Folk,,,,
Progressive,,,,
Gothic,Doom,,,
Death,,,,
Melodic progressive,,,,
Doom,Stoner,,,
New wave of british heavy,Heavy,Progressive,,
Progressive heavy,,,,
Death,,,,
Epic doom,,,,
Gothic doom,,,,
Heavy,,,,
Blackened doom,Sludge,,,
Doom,,,,
Death,,,,
Black,Sludge,,,
Death,Thrash,,,
Hardcore,,,,
Doom,Sludge,,,
Doom,,,,
Brutal death,Technical death,,,
Deathcore,,,,
Death doom,Atmospheric doom,,,
Folk,,,,
Hard rock,Heavy,,,
Power,Thrash,,,
Heavy,Thrash,,,
Heavy,Progressive,,,
Black,Doom,Heavy,,
Heavy,Folk,Thrash,,
Psychedelic stoner,,,,
Doom,Sludge,,,
Black,,,,
Metalcore,Alternative,,,
Atmospheric doom,Funeral doom,,,
Atmospheric black,Post-metal,,,
Black,,,,
Death doom,,,,
Gothic,,,,
Black,,,,
Melodic death,Thrash,,,
Doom,Sludge,,,
Progressive,Progressive rock,Stoner rock,Stoner instrumental,
New wave of british heavy,Heavy,,,
Brutal death,Grindcore,,,
Black,,,,
Progressive,,,,
Funeral doom,,,,
Power,,,,
Us power,Heavy,,,
Funeral doom,Death doom,,,
Black,,,,
Groove thrash,,,,
Post-metal,Sludge,Hardcore,,
Grindcore,,,,
Thrash,,,,
Blackened death,,,,
Doom,,,,
Avantgarde,,,,
Melodic death,,,,
Progressive,,,,
Hard rock,,,,
Extreme progressive,,,,
Heavy,Power,Thrash,,
Heavy,,,,
Death,,,,
Deathgrind,,,,
Death,Grindcore,,,
Us power,,,,
Black,,,,
Melodic thrash,Progressive,,,
Pagan black,,,,
Black,,,,
Power,Symphonic,,,
Heavy,,,,
Black,,,,
Progressive,,,,
Gothic rock,Alternative,,,
Death,,,,
Stoner,Psychedelic rock,,,
Folk,,,,
Melodic death,,,,
New wave of british heavy,Heavy,,,
Gothic,,,,
Experimental black,,,,
Heavy,Progressive power,,,
Blackened thrash,Crust punk,,,
Alternative,,,,
Stoner rock,,,,
Progressive,,,,
Sludge,,,,
Death,Thrash,,,
Progressive,,,,
Progressive sludge,Post-metal,,,
Atmospheric black,,,,
Drone doom,Sludge,,,
Atmospheric black,,,,
Melodic death,,,,
Melodic power,Heavy,,,
Death doom,,,,
Power,,,,
Post-metal,,,,
Drone doom,,,,
Black,Funeral doom,Industrial doom,Doom,
Progressive death,Melodic death,,,
Symphonic power,Folk,,,
Brutal death,,,,
Black,,,,
Doom,Sludge,,,
Progressive rock,Heavy,,,
Brutal death,,,,
Blackened death,,,,
Gothic,Symphonic,,,
Brutal death,Technical death,,,
Black,,,,
Depressive black,Dark ambient,,,
Death doom,,,,
Black,Death,,,
Doom,Hard rock,Progressive rock,,
Metalcore,Experimental thrash,,,
Death,Crust punk,,,
Thrash,,,,
Death,Doom,,,
Death doom,,,,
Black,Death,,,
Psychedelic hard rock,Heavy,,,
Avantgarde black,,,,
Progressive,,,,
Thrash,,,,
Gothic,Symphonic black,,,
Sludge,Doom,,,
Atmospheric black,,,,
Black,,,,
Black,Thrash,,,
Progressive death,,,,
Death doom,,,,
Progressive death,,,,
Progressive death,Black,,,
Black,,,,
Brutal death,,,,
Industrial death,,,,
Heavy,,,,
Heavy,Power,,,
Heavy,Power,,,
Black,,,,
Black,Death,,,
Death,Doom,,,
Progressive black,,,,
Sludge,Drone,,,
Black,Death,,,
Progressive,Alternative,,,
Progressive,,,,
Doom,Folk,,,
Melodic black,Melodic death,,,
Progressive,,,,
Black,,,,
Hardcore,Punk,,,
Death,,,,
Post-metal,Stoner rock,Psychedelic rock,,
Groove thrash,Heavy,,,
Doom,Sludge,,,
Black,Folk,,,
Deathgrind,,,,
Melodic death,,,,
Atmospheric black,,,,
Heavy,,,,
Heavy,Power,,,
Power,,,,
Power,,,,
Brutal death,Grindcore,,,
Experimental black,,,,
Death,,,,
Brutal death,,,,
Alternative,Hard rock,,,
Grindcore,Death,,,
Black,Death,Thrash,,
Progressive sludge,Doom,Post-metal,,
Atmospheric sludge,Post-metal,,,
Symphonic,,,,
Grindcore,,,,
Experimental black,,,,
Thrash,Death,,,
Death,,,,
Progressive,,,,
Folk,Symphonic power,,,
Atmospheric doom,,,,
Doom,Sludge,,,
Atmospheric black,Post-metal,,,
Grindcore,,,,
Folk,,,,
Progressive math,Djent,,,
Heavy,,,,
Thrash,,,,
Doom,Sludge,,,
Black,Darkwave,,,
Progressive,Instrumental,,,
Doom,Heavy,Celtic black,,
Death,Atmospheric doom,,,
Atmospheric black,,,,
Symphonic black,,,,
Death doom,Progressive death,,,
Black,,,,
Progressive,,,,
Black,Death,,,
Doom,,,,
Gothic,Progressive,,,
Brutal death,,,,
Doom,Melodic death,,,
Brutal death,,,,
Gothic,,,,
Thrash,,,,
Progressive death,,,,
Depressive black,,,,
Thrash,Power,,,
Thrash,,,,
Heavy,Punk,,,
Death,Thrash,,,
Heavy,Thrash,,,
Black,Death,Thrash,,
Black,Grindcore,,,
Funeral doom,,,,
Metalcore,,,,
Black,,,,
Black,Doom,,,
Black,,,,
Doom,,,,
Atmospheric doom,,,,
Death,Thrash,,,
Death,Grindcore,,,
Progressive,Melodic progressive,,,
Heavy,Power,,,
Metalcore,,,,
Heavy,,,,
Death,,,,
Doom,Stoner,,,
Deathcore,,,,
Progressive power,,,,
Black,,,,
Gothic,Symphonic,,,
Black,Doom,Crust punk,,
Industrial black,Ambient,,,
Symphonic,Progressive,,,
Atmospheric black,,,,
Progressive,,,,
Industrial,Death,,,
Stoner,,,,
Gothic doom,,,,
Power,Progressive,Folk,,
Heavy,,,,
Pagan black,,,,
Death,Thrash,,,
Alternative,Post-metal,,,
Death,,,,
Blackened doom,,,,
Power,Heavy,,,
Hard rock,,,,
Atmospheric black,Post-metal,,,
Heavy,Hard rock,,,
Extreme progressive,,,,
Gothic doom,,,,
Death,,,,
Funeral doom,,,,
Funeral doom,,,,
Black,,,,
Heavy,,,,
Technical death,,,,
Death doom,,,,
Black,,,,
Death,,,,
Post-metal,Sludge,,,
Heavy,,,,
Death,Grindcore,,,
Black,,,,
Doom,,,,
Death,Doom,Gothic,,
Doom,Sludge,,,
Atmospheric black,Depressive black,,,
Grindcore,,,,
Brutal death,Grindcore,,,
Technical death,,,,
Celtic folk,Black,,,
Alternative,,,,
Progressive,,,,
Thrash,,,,
Symphonic,Progressive,,,
Doom,,,,
Drone,Dark ambient,,,
Black,,,,
Funeral doom,Drone doom,,,
Black,,,,
Atmospheric,Sludge,Metal,,
Melodic thrash,Progressive,,,
Death,Thrash,,,
Black,,,,
Black,,,,
Death doom,Crust punk,,,
Atmospheric black,Post-metal,,,
Atmospheric black,Funeral doom,,,
Black,,,,
Heavy,Power,,,
Thrash,Grindcore,,,
Death,,,,
Melodic black,,,,
Grindcore,,,,
Progressive,Alternative rock,,,
Atmospheric gothic,,,,
Death,Metalcore,,,
Death,Black,Thrash,,
Power,Progressive,Thrash,,
Doom,,,,
Pagan black,,,,
Thrash,Heavy,,,
Grindcore,Deathgrind,,,
Power,,,,
Black,Ambient,,,
Atmospheric black,,,,
Depressive black,,,,
Depressive black,Funeral doom,,,
Atmospheric death,Deathcore,,,
Heavy,Hard rock,,,
Death,,,,
Black,,,,
Thrash,,,,
Death,,,,
Heavy,Progressive power,,,
Progressive death,,,,
Grindcore,Noise,Power electronics,,Black
Blackened death,Thrash,,,
Heavy,,,,
Doom,Stoner,,,
Black,,,,
Heavy,Stoner,,,
Progressive,,,,
Gothic,,,,
Avantgarde black,,,,
Nu,,,,
Heavy,Hard rock,,,
Hardcore,,,,
Progressive death,,,,
Death,,,,
Death,Melodic death,,,
Doom,Sludge,,,
Black,Death,,,
Heavy,,,,
Death,,,,
Doom,,,,
Black,Avantgarde,,,
Extreme power,Melodic death,,,
Speed,Thrash,,,
Deathcore,,,,
Post-metal,Sludge,,,
Progressive,,,,
Black,Death,,,
Drone doom,,,,
Black,,,,
Power,Gothic,,,
Black,,,,
Funeral doom,,,,
Thrash,,,,
Thrash,,,,
Heavy,Hard rock,,,
Gothic,,,,
Brutal death,Goregrind,,,
Black,,,,
Doom,,,,
Depressive black,,,,
Psychedelic doom,,,,
Blackened sludge,,,,
Black,,,,
Folk,,,,
Melodic death,,,,
Black,,,,
Hard rock,,,,
Atmospheric black,,,,
Sludge,Blackened hardcore,,,
Black,,,,
Melodic death,Black,,,
Melodic doom,Death,,,
Sludge,Doom,,,
Thrash,,,,
Symphonic power,,,,
Grindcore,,,,
Death,Thrash,,,
Progressive,,,,
Black,,,,
Metalcore,,,,
Black,Death,Thrash,,
Viking folk,Folk black,,,
Sludge,,,,
Doom,Heavy,Hard rock,Progressive rock,
Doom,Sludge,,,
Grindcore,,,,
Death doom,Funeral doom,,,
Doom,Sludge,,,
Depressive black,,,,
Progressive,,,,
Depressive black,,,,
Death,,,,
Technical death,Grindcore,,,
Heavy,,,,
Experimental rock,Electro avantgarde,,,
Black,,,,
Gothic,Gothic rock,,,
Psychedelic death,,,,
Death,,,,
Grindcore,,,,
Melodic black,,,,
Melodic death,,,,
Heavy,,,,
Grindcore,,,,
Heavy,,,,
Doom,,,,
Black,,,,
Black,,,,
Black,Death,,,
Doom,Psychedelic rock,,,
Technical death,,,,
Deathgrind,,,,
Heavy,Power,,,
Heavy,,,,
Black,Doom,Industrial,,
Viking folk,,,,
Crust punk,,Black,Grindcore,
Gothic doom,,,,
Atmospheric doom,,,,
Psychedelic doom,Stoner,,,
Black,,,,
Thrash,,,,
Power,Thrash,,,
Progressive thrash,,,,
Experimental black,Ambient black,Avantgarde black,,
Doom,,,,
Death,Grindcore,,,
Black,,,,
Alternative,,,,
Pagan folk,Black,,,
Doom,Stoner,Rock,,
Black,Crust punk,,,
Progressive,Thrash,,,
Hard rock,Heavy,,,
Gothic,,,,
Doom,Sludge,,,
Psychedelic doom,Stoner,,,
Heavy,,,,
Death,,,,
Gothic,,,,
Black,,,,
Heavy,,,,
Heavy,,,,
Gothic,,,,
Melodic progressive,,,,
Black,,,,
Neoclassical symphonic,,,,
Atmospheric black,Doom,,,
Melodic black,,,,
Heavy,Power,,,
Thrash,Heavy,,,
Black,Crust punk,,,
Doom,,,,
Progressive death,Progressive thrash,,,
Black,,,,
Depressive black,,,,
Avantgarde,Experimental black,,,
Doom,,,,
Doom,Sludge,,,
Power,,,,
Death,,,,
Black,,,,
Melodic death,Folk,,,
Gothic,,,,
Doom,,,,
Black,,,,
Symphonic,Melodic heavy,,,
Death,,,,
Power,Folk,,,
Death,Grindcore,Psychedelic death,,
Death,,,,
Goregrind,,,,
Doom,Sludge,Stoner,,
Death doom,,,,
Progressive power,Symphonic,,,
Heavy,,,,
Melodic black,Folk,,,
Doom,,,,
Symphonic gothic,,,,
Alternative,,,,
Black,,,,
Progressive rock,,,,
Progressive,,,,
Hard rock,Psychedelic rock,,,
Doom,,,,
Grindcore,,,,
Avantgarde,Progressive,,,
Symphonic,,,,
Grindcore,Gore grindcore,,,
Black,,,,
Melodic heavy,Hard rock,,,
Progressive,Progressive rock,,,
Melodic death,Thrash,,,
Funeral doom,,,,
Depressive black,,,,
Progressive,J-rock,,,
Doom,,,,
Pagan black,,,,
Doom,Sludge,,,
Hard rock,,,,
Neoclassical power,,,,
Gothic,Doom,,,
Death,,,,
Black,Death,,,
Symphonic gothic,,,,
Grindcore,,,,
Avantgarde,Death,,,
Doom,,,,
Black,,,,
Grindcore,,,,
Thrash,,,,
Death,,,,
Black,Noise,,,
Black,,,,
Black,Death,,,
Epic doom,,,,
Heavy,,,,
Death,Doom,,,
Doom,Heavy,Hard rock,Psychedelic rock,
Drone doom,,,,
Death,,,,
Deathgrind,,,,
Heavy,,,,
Doom,,,,
Progressive deathcore,Technical deathcore,,,
Sludge,Post-metal,,,
Black,,,,
Blackened death,,,,
Progressive,,,,
Symphonic black,Death,,,
Black,,,,
Heavy,,,,
Atmospheric black,,,,
Progressive,Instrumental,,,
Death,,,,
Death,Thrash,,,
Blackened hardcore,,,,
Power,Speed,,,
Grindcore,,,,
Heavy,,,,
Brutal death,Technical death,,,
Death,,,,
Blackened heavy,Thrash,,,
Stoner,,,,
Power,,,,
Avantgarde,Death,Industrial,,
Black,,,,
Black,,,,
Grindcore,,,,
Black,Crust punk,,,
Depressive black,,,,
Power,Progressive,,,
Heavy,,,,
Progressive thrash,Industrial thrash,Thrash,Groove thrash,
Black,,,,
Thrash,,,,
Sludge,Hardcore,,,
Death,,,,
Death doom,,,,
Heavy,,,,
Thrash,,,,
Noise,Drone doom,,,
Doom,,,,
Doom,,,,
Black,,,,
Crust punk,,Black,,
Grindcore,,,,
Death,Thrash,,,
New wave of british heavy,Heavy,,,
Stoner,,,,
Black,Death,Gothic doom,,
Sludge,Doom,,,
Atmospheric black,Shoegaze,,,
Heavy,,,,
Black,Death,,,
Black,,,,
Crust punk,D-beat,,,
Stoner,Sludge,,,
Black,Doom,,,
Doom,Post-metal,Sludge,,
Doom,,,,
Black,,,,
Grindcore,,,,
Death,Thrash,,,
Celtic black,,,,
Progressive,,,,
Sludge,Hardcore,,,
Blackened heavy,,,,
Black,,,,
Black,Drone doom,,,
Melodic death,Metalcore,,,
Progressive doom,Gothic,,,
Pagan folk,,,,
Depressive black,,,,
Gothic,,,,
Alternative,Progressive,,,
Heavy,,,,
Progressive,Thrash,Power,,
Progressive death,Thrash,,,
Gothic,Hard rock,,,
Death,,,,
Heavy,,,,
Funeral doom,Death doom,Atmospheric doom,,
Death,Doom,,,
Thrash,,,,
Death,,,,
Brutal death,,,,
Black,,,,
Thrash,Melodic death,,,
Blackened death,,,,
Heavy,Hard rock,,,
Black,,,,
Hard rock,Heavy,,,
Death,Melodic doom,,,
Black,Doom,,,
Black,Grindcore,,,
Avantgarde death,,,,
Heavy,Progressive,,,
Hard rock,Heavy,,,
Grindcore,,,,
